bad_driving_time,bad_driving_lng,bad_driving_lat,bad_driving_name,bad_driving_info,ex_province,ex_city,ex_district,ex_wind_power,ex_conditions,ex_rain_amount
2018-08-04 03:11:44,115.761473,28.505916,超速,"速度达到110km/h,超过100km/h",江西,南昌,新建,1-2级,雷阵雨转多云,
2018-08-04 03:11:44,115.761473,28.505916,急加速,"加速度达到4.17m/s^2,超过3m/s^2",江西,南昌,新建,1-2级,雷阵雨转多云,
2018-08-04 03:11:45,115.761436,28.506159999999998,急减速,"加速度达到-3.33m/s^2,超过-3m/s^2",江西,南昌,新建,1-2级,雷阵雨转多云,
2018-08-04 03:16:55,115.759616,28.56951500000001,急加速,"加速度达到3.89m/s^2,超过3m/s^2",江西,南昌,新建,1-2级,雷阵雨转多云,
2018-08-04 03:16:56,115.759638,28.569628,急减速,"加速度达到-3.61m/s^2,超过-3m/s^2",江西,南昌,新建,1-2级,雷阵雨转多云,
2018-08-04 03:17:07,115.759776,28.570345,急减速,"加速度达到-3.06m/s^2,超过-3m/s^2",江西,南昌,新建,1-2级,雷阵雨转多云,
2018-08-04 03:17:30,115.75985800000001,28.570520000000002,急加速,"加速度达到3.06m/s^2,超过3m/s^2",江西,南昌,新建,1-2级,雷阵雨转多云,
2018-08-04 03:21:51,115.781341,28.58749000000001,急减速,"加速度达到-3.06m/s^2,超过-3m/s^2",江西,南昌,新建,1-2级,雷阵雨转多云,
2018-08-04 03:22:11,115.781655,28.587315999999998,急加速,"加速度达到3.33m/s^2,超过3m/s^2",江西,南昌,新建,1-2级,雷阵雨转多云,
2018-08-04 03:23:19,115.782678,28.58715,急减速,"加速度达到-3.06m/s^2,超过-3m/s^2",江西,南昌,新建,1-2级,雷阵雨转多云,
2018-08-04 03:23:20,115.782678,28.58718,急加速,"加速度达到3.33m/s^2,超过3m/s^2",江西,南昌,新建,1-2级,雷阵雨转多云,
2018-08-04 03:23:24,115.78273999999999,28.58727,急加速,"加速度达到3.06m/s^2,超过3m/s^2",江西,南昌,新建,1-2级,雷阵雨转多云,
2018-08-04 03:23:33,115.78299799999999,28.587403000000002,急减速,"加速度达到-3.06m/s^2,超过-3m/s^2",江西,南昌,新建,1-2级,雷阵雨转多云,
2018-08-04 03:23:33,115.78299799999999,28.587403000000002,超长怠速,"超长怠速时长为516秒,超过120秒",江西,南昌,新建,1-2级,雷阵雨转多云,
2018-08-04 03:31:49,115.783075,28.587320000000002,急变道,"方向角变化数为：137,超过30",江西,南昌,新建,1-2级,雷阵雨转多云,
2018-08-04 03:32:15,115.782715,28.586923,急减速,"加速度达到-3.06m/s^2,超过-3m/s^2",江西,南昌,新建,1-2级,雷阵雨转多云,
2018-08-04 03:32:30,115.78239599999999,28.586865000000003,急加速,"加速度达到3.06m/s^2,超过3m/s^2",江西,南昌,新建,1-2级,雷阵雨转多云,
2018-08-04 03:36:55,115.79925800000001,28.615993,急减速,"加速度达到-3.33m/s^2,超过-3m/s^2",江西,南昌,新建,1-2级,雷阵雨转多云,
2018-08-04 03:37:11,115.79929299999999,28.616038,急加速,"加速度达到3.06m/s^2,超过3m/s^2",江西,南昌,新建,1-2级,雷阵雨转多云,
2018-08-04 03:38:35,115.80293999999999,28.623893,急减速,"加速度达到-3.06m/s^2,超过-3m/s^2",江西,南昌,新建,1-2级,雷阵雨转多云,
2018-08-04 03:38:38,115.802985,28.623996,急减速,"加速度达到-3.61m/s^2,超过-3m/s^2",江西,南昌,新建,1-2级,雷阵雨转多云,
2018-08-04 03:39:41,115.80303,28.624083000000002,急加速,"加速度达到3.33m/s^2,超过3m/s^2",江西,南昌,新建,1-2级,雷阵雨转多云,
2018-08-04 03:40:35,115.804953,28.628818,急减速,"加速度达到-3.33m/s^2,超过-3m/s^2",江西,南昌,新建,1-2级,雷阵雨转多云,
2018-08-04 03:40:37,115.80495800000001,28.628866,急减速,"加速度达到-3.06m/s^2,超过-3m/s^2",江西,南昌,新建,1-2级,雷阵雨转多云,
2018-08-04 03:41:23,115.804975,28.628965,急加速,"加速度达到3.33m/s^2,超过3m/s^2",江西,南昌,新建,1-2级,雷阵雨转多云,
2018-08-04 03:52:32,115.867848,28.659883,急加速,"加速度达到3.61m/s^2,超过3m/s^2",江西,南昌,西湖,1-2级,雷阵雨转阵雨,
2018-08-04 03:52:33,115.86791299999999,28.659979999999997,急减速,"加速度达到-3.06m/s^2,超过-3m/s^2",江西,南昌,西湖,1-2级,雷阵雨转阵雨,
2018-08-04 03:55:05,115.87006799999999,28.674879999999998,急减速,"加速度达到-3.33m/s^2,超过-3m/s^2",江西,南昌,西湖,1-2级,雷阵雨转阵雨,
2018-08-04 03:56:03,115.87011100000001,28.674983,急加速,"加速度达到3.33m/s^2,超过3m/s^2",江西,南昌,西湖,1-2级,雷阵雨转阵雨,
2018-08-04 03:57:46,115.868995,28.665846000000002,急减速,"加速度达到-3.33m/s^2,超过-3m/s^2",江西,南昌,西湖,1-2级,雷阵雨转阵雨,
2018-08-04 03:59:16,115.86899299999999,28.665798,急加速,"加速度达到3.06m/s^2,超过3m/s^2",江西,南昌,西湖,1-2级,雷阵雨转阵雨,
2018-08-04 03:59:18,115.869003,28.665743,急减速,"加速度达到-3.06m/s^2,超过-3m/s^2",江西,南昌,西湖,1-2级,雷阵雨转阵雨,
2018-08-04 03:59:20,115.86901100000001,28.665685999999997,急加速,"加速度达到3.61m/s^2,超过3m/s^2",江西,南昌,西湖,1-2级,雷阵雨转阵雨,
2018-08-04 04:00:15,115.874348,28.664401,急减速,"加速度达到-3.89m/s^2,超过-3m/s^2",江西,南昌,西湖,1-2级,雷阵雨转阵雨,
2018-08-04 04:00:51,115.87445,28.664383,急加速,"加速度达到3.33m/s^2,超过3m/s^2",江西,南昌,西湖,1-2级,雷阵雨转阵雨,
2018-08-04 04:02:16,115.881743,28.663326,急减速,"加速度达到-3.06m/s^2,超过-3m/s^2",江西,南昌,西湖,1-2级,雷阵雨转阵雨,
2018-08-04 04:02:23,115.881826,28.663342999999998,急加速,"加速度达到3.33m/s^2,超过3m/s^2",江西,南昌,西湖,1-2级,雷阵雨转阵雨,
2018-08-04 04:04:31,115.88673500000002,28.66284000000001,急加速,"加速度达到3.06m/s^2,超过3m/s^2",江西,南昌,西湖,1-2级,雷阵雨转阵雨,
2018-08-04 04:05:05,115.889223,28.662525,急减速,"加速度达到-3.61m/s^2,超过-3m/s^2",江西,南昌,西湖,1-2级,雷阵雨转阵雨,
2018-08-04 04:05:31,115.89021000000001,28.663003000000003,急减速,"加速度达到-3.33m/s^2,超过-3m/s^2",江西,南昌,西湖,1-2级,雷阵雨转阵雨,
2018-08-04 04:06:07,115.89025600000001,28.663056,急加速,"加速度达到3.06m/s^2,超过3m/s^2",江西,南昌,西湖,1-2级,雷阵雨转阵雨,
2018-08-04 04:06:08,115.890305,28.663068,急减速,"加速度达到-3.06m/s^2,超过-3m/s^2",江西,南昌,西湖,1-2级,雷阵雨转阵雨,
2018-08-04 04:06:11,115.890381,28.663108,急加速,"加速度达到3.33m/s^2,超过3m/s^2",江西,南昌,西湖,1-2级,雷阵雨转阵雨,
2018-08-04 04:06:48,115.89259299999999,28.664556,急减速,"加速度达到-3.61m/s^2,超过-3m/s^2",江西,南昌,西湖,1-2级,雷阵雨转阵雨,
2018-08-04 04:07:20,115.89265,28.664597999999998,急加速,"加速度达到3.06m/s^2,超过3m/s^2",江西,南昌,西湖,1-2级,雷阵雨转阵雨,
2018-08-04 04:07:49,115.893831,28.665433,急减速,"加速度达到-3.06m/s^2,超过-3m/s^2",江西,南昌,西湖,1-2级,雷阵雨转阵雨,
2018-08-04 04:07:58,115.893993,28.665545,急加速,"加速度达到3.33m/s^2,超过3m/s^2",江西,南昌,西湖,1-2级,雷阵雨转阵雨,
2018-08-04 04:10:55,115.905901,28.665670000000002,急变道,"方向角变化数为：38,超过30",江西,南昌,西湖,1-2级,雷阵雨转阵雨,
2018-08-04 04:11:24,115.90841599999999,28.665533,急减速,"加速度达到-3.89m/s^2,超过-3m/s^2",江西,南昌,西湖,1-2级,雷阵雨转阵雨,
2018-08-04 04:11:49,115.908561,28.665509999999998,急加速,"加速度达到3.89m/s^2,超过3m/s^2",江西,南昌,西湖,1-2级,雷阵雨转阵雨,
2018-08-04 04:14:30,115.91208799999998,28.670051,急减速,"加速度达到-3.33m/s^2,超过-3m/s^2",江西,南昌,西湖,1-2级,雷阵雨转阵雨,
2018-08-04 04:14:30,115.91208799999998,28.670051,超长怠速,"超长怠速时长为217秒,超过120秒",江西,南昌,西湖,1-2级,雷阵雨转阵雨,
2018-08-04 04:15:26,115.911303,28.669697999999997,急变道,"方向角变化数为：34,超过30",江西,南昌,西湖,1-2级,雷阵雨转阵雨,
2018-08-04 04:17:43,115.91138500000001,28.669611,急变道,"方向角变化数为：49,超过30",江西,南昌,西湖,1-2级,雷阵雨转阵雨,
2018-08-04 04:18:07,115.91185,28.669615999999998,急加速,"加速度达到3.06m/s^2,超过3m/s^2",江西,南昌,西湖,1-2级,雷阵雨转阵雨,
2018-08-04 04:18:08,115.911851,28.66964,急减速,"加速度达到-3.06m/s^2,超过-3m/s^2",江西,南昌,西湖,1-2级,雷阵雨转阵雨,
2018-08-04 04:18:08,115.911851,28.66964,超长怠速,"超长怠速时长为97886秒,超过120秒",江西,南昌,西湖,1-2级,雷阵雨转阵雨,
2018-08-05 07:25:22,115.911878,28.669690999999997,怠速预热,"怠速预热时长为252秒,超过120秒",江西,南昌,西湖,1-2级,雷阵雨转多云,
2018-08-05 07:25:22,115.911878,28.669690999999997,疲劳驾驶,"疲劳驾驶时长为20440秒,超过14400秒",江西,南昌,西湖,1-2级,雷阵雨转多云,
2018-08-05 07:27:27,115.91183600000001,28.669590000000003,急变道,"方向角变化数为：51,超过30",江西,南昌,西湖,1-2级,雷阵雨转多云,
2018-08-05 07:29:16,115.912123,28.670073,急变道,"方向角变化数为：37,超过30",江西,南昌,西湖,1-2级,雷阵雨转多云,
2018-08-05 07:29:22,115.91219,28.670113,急变道,"方向角变化数为：43,超过30",江西,南昌,西湖,1-2级,雷阵雨转多云,
2018-08-05 07:29:34,115.91243300000001,28.670060999999997,急加速,"加速度达到3.06m/s^2,超过3m/s^2",江西,南昌,西湖,1-2级,雷阵雨转多云,
2018-08-05 07:29:51,115.913155,28.669936,急减速,"加速度达到-3.33m/s^2,超过-3m/s^2",江西,南昌,西湖,1-2级,雷阵雨转多云,
2018-08-05 07:29:52,115.913183,28.669933,急加速,"加速度达到3.06m/s^2,超过3m/s^2",江西,南昌,西湖,1-2级,雷阵雨转多云,
2018-08-05 07:29:52,115.913183,28.669933,长时间低速行驶,"长时间低速行驶时长为90秒,超过60秒",江西,南昌,西湖,1-2级,雷阵雨转多云,
2018-08-05 07:31:22,115.911285,28.66729500000001,急减速,"加速度达到-3.89m/s^2,超过-3m/s^2",江西,南昌,西湖,1-2级,雷阵雨转多云,
2018-08-05 07:31:27,115.91116799999999,28.667238,急加速,"加速度达到3.06m/s^2,超过3m/s^2",江西,南昌,西湖,1-2级,雷阵雨转多云,
2018-08-05 07:32:02,115.91021599999999,28.667126,急加速,"加速度达到3.33m/s^2,超过3m/s^2",江西,南昌,西湖,1-2级,雷阵雨转多云,
2018-08-05 07:33:26,115.90928000000001,28.66726,急加速,"加速度达到3.61m/s^2,超过3m/s^2",江西,南昌,西湖,1-2级,雷阵雨转多云,
2018-08-05 07:33:29,115.909221,28.667193,急变道,"方向角变化数为：32,超过30",江西,南昌,西湖,1-2级,雷阵雨转多云,
2018-08-05 07:38:50,115.89130800000001,28.663821000000002,急加速,"加速度达到3.33m/s^2,超过3m/s^2",江西,南昌,西湖,1-2级,雷阵雨转多云,
2018-08-05 07:39:12,115.890398,28.663242999999998,急减速,"加速度达到-3.61m/s^2,超过-3m/s^2",江西,南昌,西湖,1-2级,雷阵雨转多云,
2018-08-05 07:39:19,115.89028300000001,28.663188,急加速,"加速度达到3.06m/s^2,超过3m/s^2",江西,南昌,西湖,1-2级,雷阵雨转多云,
2018-08-05 07:39:53,115.88855500000001,28.662626,急变道,"方向角变化数为：36,超过30",江西,南昌,西湖,1-2级,雷阵雨转多云,
2018-08-05 07:40:40,115.888116,28.662728,急加速,"加速度达到3.06m/s^2,超过3m/s^2",江西,南昌,西湖,1-2级,雷阵雨转多云,
2018-08-05 07:40:43,115.88798,28.662715999999996,急变道,"方向角变化数为：39,超过30",江西,南昌,西湖,1-2级,雷阵雨转多云,
2018-08-05 07:40:44,115.887941,28.662728,急变道,"方向角变化数为：43,超过30",江西,南昌,西湖,1-2级,雷阵雨转多云,
2018-08-05 07:41:30,115.88444299999999,28.663153,急减速,"加速度达到-3.61m/s^2,超过-3m/s^2",江西,南昌,西湖,1-2级,雷阵雨转多云,
2018-08-05 07:41:33,115.884431,28.663163,急变道,"方向角变化数为：53,超过30",江西,南昌,西湖,1-2级,雷阵雨转多云,
2018-08-05 07:41:58,115.88443799999999,28.66315,急变道,"方向角变化数为：57,超过30",江西,南昌,西湖,1-2级,雷阵雨转多云,
2018-08-05 07:41:59,115.88440600000001,28.663156,急加速,"加速度达到3.06m/s^2,超过3m/s^2",江西,南昌,西湖,1-2级,雷阵雨转多云,
2018-08-05 07:43:26,115.879506,28.663578,急加速,"加速度达到3.33m/s^2,超过3m/s^2",江西,南昌,西湖,1-2级,雷阵雨转多云,
2018-08-05 07:44:16,115.875206,28.664379999999998,急减速,"加速度达到-3.06m/s^2,超过-3m/s^2",江西,南昌,西湖,1-2级,雷阵雨转多云,
2018-08-05 07:45:18,115.875133,28.664376,急加速,"加速度达到3.61m/s^2,超过3m/s^2",江西,南昌,西湖,1-2级,雷阵雨转多云,
2018-08-05 07:57:06,115.807448,28.633522999999997,急减速,"加速度达到-3.33m/s^2,超过-3m/s^2",江西,南昌,新建,1-2级,雷阵雨转多云,
2018-08-05 07:58:55,115.80731499999999,28.633596,急加速,"加速度达到3.89m/s^2,超过3m/s^2",江西,南昌,新建,1-2级,雷阵雨转多云,
2018-08-05 07:59:57,115.80494499999999,28.62965800000001,急减速,"加速度达到-3.33m/s^2,超过-3m/s^2",江西,南昌,新建,1-2级,雷阵雨转多云,
2018-08-05 08:00:43,115.804896,28.629565999999997,急加速,"加速度达到3.61m/s^2,超过3m/s^2",江西,南昌,新建,1-2级,雷阵雨转多云,
2018-08-05 08:01:41,115.803083,28.625018,急减速,"加速度达到-4.44m/s^2,超过-3m/s^2",江西,南昌,新建,1-2级,雷阵雨转多云,
2018-08-05 08:01:51,115.80299,28.624901,急加速,"加速度达到3.61m/s^2,超过3m/s^2",江西,南昌,新建,1-2级,雷阵雨转多云,
2018-08-05 08:02:02,115.802783,28.624456,急减速,"加速度达到-3.89m/s^2,超过-3m/s^2",江西,南昌,新建,1-2级,雷阵雨转多云,
2018-08-05 08:04:27,115.79923000000001,28.616590999999996,急减速,"加速度达到-3.06m/s^2,超过-3m/s^2",江西,南昌,新建,1-2级,雷阵雨转多云,
2018-08-05 08:05:20,115.799178,28.616511,急加速,"加速度达到3.61m/s^2,超过3m/s^2",江西,南昌,新建,1-2级,雷阵雨转多云,
2018-08-05 08:09:07,115.780045,28.588595,急减速,"加速度达到-3.06m/s^2,超过-3m/s^2",江西,南昌,新建,1-2级,雷阵雨转多云,
2018-08-05 08:09:58,115.779978,28.588551000000002,急加速,"加速度达到3.33m/s^2,超过3m/s^2",江西,南昌,新建,1-2级,雷阵雨转多云,
2018-08-05 08:10:46,115.78240600000001,28.586788000000002,急减速,"加速度达到-3.06m/s^2,超过-3m/s^2",江西,南昌,新建,1-2级,雷阵雨转多云,
2018-08-05 08:10:59,115.78258600000001,28.586717999999998,急变道,"方向角变化数为：44,超过30",江西,南昌,新建,1-2级,雷阵雨转多云,
2018-08-05 08:11:16,115.78276299999999,28.586904999999998,急变道,"方向角变化数为：34,超过30",江西,南昌,新建,1-2级,雷阵雨转多云,
2018-08-05 08:11:23,115.782701,28.587021000000004,急加速,"加速度达到3.06m/s^2,超过3m/s^2",江西,南昌,新建,1-2级,雷阵雨转多云,
2018-08-05 08:11:39,115.78301499999999,28.58741,急减速,"加速度达到-3.61m/s^2,超过-3m/s^2",江西,南昌,新建,1-2级,雷阵雨转多云,
2018-08-05 08:11:39,115.78301499999999,28.58741,急变道,"方向角变化数为：31,超过30",江西,南昌,新建,1-2级,雷阵雨转多云,
2018-08-05 08:11:41,115.78305,28.58738,超长怠速,"超长怠速时长为971秒,超过120秒",江西,南昌,新建,1-2级,雷阵雨转多云,
2018-08-05 08:12:31,115.782996,28.587390999999997,急变道,"方向角变化数为：123,超过30",江西,南昌,新建,1-2级,雷阵雨转多云,
2018-08-05 08:12:43,115.782946,28.587406,急变道,"方向角变化数为：144,超过30",江西,南昌,新建,1-2级,雷阵雨转多云,
2018-08-05 08:18:52,115.78295800000001,28.587401,怠速预热,"怠速预热时长为540秒,超过120秒",江西,南昌,新建,1-2级,雷阵雨转多云,
2018-08-05 08:18:52,115.78295800000001,28.587401,疲劳驾驶,"疲劳驾驶时长为17230秒,超过14400秒",江西,南昌,新建,1-2级,雷阵雨转多云,
2018-08-05 08:27:50,115.782968,28.587406,急变道,"方向角变化数为：173,超过30",江西,南昌,新建,1-2级,雷阵雨转多云,
2018-08-05 08:27:52,115.782925,28.587435,急加速,"加速度达到3.06m/s^2,超过3m/s^2",江西,南昌,新建,1-2级,雷阵雨转多云,
2018-08-05 08:27:52,115.782925,28.587435,长时间低速行驶,"长时间低速行驶时长为70秒,超过60秒",江西,南昌,新建,1-2级,雷阵雨转多云,
2018-08-05 08:29:02,115.780165,28.588191,急减速,"加速度达到-3.06m/s^2,超过-3m/s^2",江西,南昌,新建,1-2级,雷阵雨转多云,
2018-08-05 08:29:45,115.78009499999999,28.588217999999998,急加速,"加速度达到3.61m/s^2,超过3m/s^2",江西,南昌,新建,1-2级,雷阵雨转多云,
2018-08-05 08:33:48,115.76021999999999,28.570828000000002,急减速,"加速度达到-3.89m/s^2,超过-3m/s^2",江西,南昌,新建,1-2级,雷阵雨转多云,
2018-08-05 08:34:11,115.760101,28.570853000000003,急加速,"加速度达到3.33m/s^2,超过3m/s^2",江西,南昌,新建,1-2级,雷阵雨转多云,
2018-08-05 09:18:13,116.18285300000001,28.267031,超速,"速度达到101km/h,超过100km/h",江西,南昌,进贤,1-2级,多云转雷阵雨,
2018-08-05 09:18:14,116.182961,28.26679600000001,超速,"速度达到101km/h,超过100km/h",江西,南昌,进贤,1-2级,多云转雷阵雨,
2018-08-05 10:00:01,116.25806499999999,27.78962000000001,急变道,"方向角变化数为：65,超过30",江西,抚州,崇仁,1-2级,雷阵雨转多云,
2018-08-05 10:17:05,116.17896599999999,27.587809999999998,急减速,"加速度达到-4.44m/s^2,超过-3m/s^2",江西,抚州,宜黄,1-2级,雷阵雨转多云,
2018-08-05 10:17:07,116.178991,27.587763,急加速,"加速度达到3.33m/s^2,超过3m/s^2",江西,抚州,宜黄,1-2级,雷阵雨转多云,
2018-08-05 10:17:48,116.181261,27.58404,急减速,"加速度达到-3.33m/s^2,超过-3m/s^2",江西,抚州,宜黄,1-2级,雷阵雨转多云,
2018-08-05 10:18:32,116.181375,27.583990000000004,急加速,"加速度达到3.61m/s^2,超过3m/s^2",江西,抚州,宜黄,1-2级,雷阵雨转多云,
2018-08-05 10:25:00,116.234785,27.571009999999998,急减速,"加速度达到-3.33m/s^2,超过-3m/s^2",江西,抚州,宜黄,1-2级,雷阵雨转多云,
2018-08-05 10:25:53,116.234773,27.570918,急加速,"加速度达到3.61m/s^2,超过3m/s^2",江西,抚州,宜黄,1-2级,雷阵雨转多云,
2018-08-05 10:27:18,116.232978,27.561798,长时间低速行驶,"长时间低速行驶时长为63秒,超过60秒",江西,抚州,宜黄,1-2级,雷阵雨转多云,
2018-08-05 10:28:21,116.229248,27.561313000000002,急减速,"加速度达到-3.61m/s^2,超过-3m/s^2",江西,抚州,宜黄,1-2级,雷阵雨转多云,
2018-08-05 10:28:21,116.229248,27.561313000000002,超长怠速,"超长怠速时长为178秒,超过120秒",江西,抚州,宜黄,1-2级,雷阵雨转多云,
2018-08-05 10:31:14,116.22916799999999,27.561288,急变道,"方向角变化数为：51,超过30",江西,抚州,宜黄,1-2级,雷阵雨转多云,
2018-08-05 10:31:19,116.22906299999998,27.561204999999998,急加速,"加速度达到3.06m/s^2,超过3m/s^2",江西,抚州,宜黄,1-2级,雷阵雨转多云,
2018-08-05 10:31:29,116.22878,27.561008,急减速,"加速度达到-3.33m/s^2,超过-3m/s^2",江西,抚州,宜黄,1-2级,雷阵雨转多云,
2018-08-05 10:31:58,116.22887,27.56097,急变道,"方向角变化数为：70,超过30",江西,抚州,宜黄,1-2级,雷阵雨转多云,
2018-08-05 10:32:00,116.228923,27.560953,急加速,"加速度达到3.06m/s^2,超过3m/s^2",江西,抚州,宜黄,1-2级,雷阵雨转多云,
2018-08-05 10:35:02,116.23462099999999,27.570055,急减速,"加速度达到-3.61m/s^2,超过-3m/s^2",江西,抚州,宜黄,1-2级,雷阵雨转多云,
2018-08-05 10:35:10,116.23465,27.570176,急加速,"加速度达到3.33m/s^2,超过3m/s^2",江西,抚州,宜黄,1-2级,雷阵雨转多云,
2018-08-05 10:37:46,116.222181,27.577265999999998,急减速,"加速度达到-3.89m/s^2,超过-3m/s^2",江西,抚州,宜黄,1-2级,雷阵雨转多云,
2018-08-05 10:37:46,116.222181,27.577265999999998,超长怠速,"超长怠速时长为367秒,超过120秒",江西,抚州,宜黄,1-2级,雷阵雨转多云,
2018-08-05 10:43:53,116.22200600000001,27.57719,急加速,"加速度达到3.33m/s^2,超过3m/s^2",江西,抚州,宜黄,1-2级,雷阵雨转多云,
2018-08-05 10:49:05,116.183305,27.58271,急减速,"加速度达到-4.72m/s^2,超过-3m/s^2",江西,抚州,宜黄,1-2级,雷阵雨转多云,
2018-08-05 10:49:25,116.181595,27.583868,急减速,"加速度达到-4.17m/s^2,超过-3m/s^2",江西,抚州,宜黄,1-2级,雷阵雨转多云,
2018-08-05 10:49:52,116.181546,27.58390300000001,急加速,"加速度达到3.06m/s^2,超过3m/s^2",江西,抚州,宜黄,1-2级,雷阵雨转多云,
2018-08-05 10:50:44,116.179111,27.587647999999998,急减速,"加速度达到-3.61m/s^2,超过-3m/s^2",江西,抚州,宜黄,1-2级,雷阵雨转多云,
2018-08-05 10:50:46,116.179093,27.58773,急加速,"加速度达到5.28m/s^2,超过3m/s^2",江西,抚州,宜黄,1-2级,雷阵雨转多云,
2018-08-05 11:03:11,116.225753,27.740371000000003,超速,"速度达到101km/h,超过100km/h",江西,抚州,崇仁,1-2级,雷阵雨转多云,
2018-08-05 11:04:34,116.228003,27.760131,超速,"速度达到102km/h,超过100km/h",江西,抚州,崇仁,1-2级,雷阵雨转多云,
2018-08-05 11:12:15,116.313903,27.835703000000002,急加速,"加速度达到3.06m/s^2,超过3m/s^2",江西,抚州,临川,1-2级,雷阵雨转多云,
2018-08-05 11:14:02,116.339603,27.847793,超速,"速度达到101km/h,超过100km/h",江西,抚州,临川,1-2级,雷阵雨转多云,
2018-08-05 11:14:03,116.339875,27.847878,超速,"速度达到101km/h,超过100km/h",江西,抚州,临川,1-2级,雷阵雨转多云,
2018-08-05 11:14:04,116.34014599999999,27.847963,超速,"速度达到101km/h,超过100km/h",江西,抚州,临川,1-2级,雷阵雨转多云,
2018-08-05 11:20:20,116.361571,27.893181,超速,"速度达到101km/h,超过100km/h",江西,抚州,临川,1-2级,雷阵雨转多云,
2018-08-05 11:20:21,116.361383,27.89337,超速,"速度达到101km/h,超过100km/h",江西,抚州,临川,1-2级,雷阵雨转多云,
2018-08-05 11:20:22,116.361193,27.893559999999997,超速,"速度达到101km/h,超过100km/h",江西,抚州,临川,1-2级,雷阵雨转多云,
2018-08-05 11:20:23,116.361005,27.89375,超速,"速度达到101km/h,超过100km/h",江西,抚州,临川,1-2级,雷阵雨转多云,
2018-08-05 11:20:56,116.35528500000001,27.899960999999998,超速,"速度达到101km/h,超过100km/h",江西,抚州,临川,1-2级,雷阵雨转多云,
2018-08-05 11:20:57,116.355125,27.90017000000001,超速,"速度达到101km/h,超过100km/h",江西,抚州,临川,1-2级,雷阵雨转多云,
2018-08-05 11:21:36,116.350035,27.908555,超速,"速度达到101km/h,超过100km/h",江西,抚州,临川,1-2级,雷阵雨转多云,
2018-08-05 11:21:37,116.349926,27.908784999999998,超速,"速度达到101km/h,超过100km/h",江西,抚州,临川,1-2级,雷阵雨转多云,
2018-08-05 11:21:38,116.349823,27.909015999999998,超速,"速度达到101km/h,超过100km/h",江西,抚州,临川,1-2级,雷阵雨转多云,
2018-08-05 11:21:39,116.34971999999999,27.909247999999998,超速,"速度达到101km/h,超过100km/h",江西,抚州,临川,1-2级,雷阵雨转多云,
2018-08-05 11:26:29,116.31561799999999,27.971161,超速,"速度达到101km/h,超过100km/h",江西,抚州,临川,1-2级,雷阵雨转多云,
2018-08-05 11:32:37,116.277398,28.49945,超速,"速度达到101km/h,超过100km/h",江西,南昌,进贤,1-2级,多云转雷阵雨,
2018-08-05 11:32:50,116.275543,28.52688,超速,"速度达到101km/h,超过100km/h",江西,南昌,进贤,1-2级,多云转雷阵雨,
2018-08-05 11:33:35,116.27146100000002,28.629959999999997,超速,"速度达到101km/h,超过100km/h",江西,南昌,南昌,1-2级,雷阵雨转多云,
2018-08-05 11:33:47,116.270983,28.65966,超速,"速度达到101km/h,超过100km/h",江西,南昌,南昌,1-2级,雷阵雨转多云,
2018-08-05 11:33:48,116.270953,28.662129999999998,超速,"速度达到101km/h,超过100km/h",江西,南昌,南昌,1-2级,雷阵雨转多云,
2018-08-05 11:33:49,116.270926,28.664609999999996,超速,"速度达到101km/h,超过100km/h",江西,南昌,南昌,1-2级,雷阵雨转多云,
2018-08-05 11:33:50,116.270903,28.6671,超速,"速度达到101km/h,超过100km/h",江西,南昌,南昌,1-2级,雷阵雨转多云,
2018-08-05 11:33:51,116.270881,28.6696,超速,"速度达到101km/h,超过100km/h",江西,南昌,南昌,1-2级,雷阵雨转多云,
2018-08-05 11:33:52,116.27086499999999,28.672109999999996,超速,"速度达到101km/h,超过100km/h",江西,南昌,南昌,1-2级,雷阵雨转多云,
2018-08-05 11:33:53,116.270845,28.674609999999998,超速,"速度达到101km/h,超过100km/h",江西,南昌,南昌,1-2级,雷阵雨转多云,
2018-08-05 11:34:04,116.270746,28.70185,超速,"速度达到101km/h,超过100km/h",江西,南昌,南昌,1-2级,雷阵雨转多云,
2018-08-05 11:34:38,116.270876,28.78593,超速,"速度达到101km/h,超过100km/h",江西,南昌,南昌,1-2级,雷阵雨转多云,
2018-08-05 11:34:39,116.270878,28.78848,超速,"速度达到101km/h,超过100km/h",江西,南昌,南昌,1-2级,雷阵雨转多云,
2018-08-05 11:34:40,116.27088,28.79105,超速,"速度达到102km/h,超过100km/h",江西,南昌,南昌,1-2级,雷阵雨转多云,
2018-08-05 11:34:41,116.270881,28.793609999999997,超速,"速度达到102km/h,超过100km/h",江西,南昌,南昌,1-2级,雷阵雨转多云,
2018-08-05 11:34:42,116.270885,28.79618,超速,"速度达到102km/h,超过100km/h",江西,南昌,南昌,1-2级,雷阵雨转多云,
2018-08-05 11:34:43,116.27089,28.79873,超速,"速度达到102km/h,超过100km/h",江西,南昌,南昌,1-2级,雷阵雨转多云,
2018-08-05 11:34:44,116.270895,28.801309999999997,超速,"速度达到102km/h,超过100km/h",江西,南昌,南昌,1-2级,雷阵雨转多云,
2018-08-05 11:34:45,116.2709,28.80388,超速,"速度达到103km/h,超过100km/h",江西,南昌,南昌,1-2级,雷阵雨转多云,
2018-08-05 11:34:46,116.270903,28.806459999999998,超速,"速度达到103km/h,超过100km/h",江西,上饶,余干,1-2级,阵雨转多云,
2018-08-05 11:34:47,116.270905,28.80903,超速,"速度达到103km/h,超过100km/h",江西,上饶,余干,1-2级,阵雨转多云,
2018-08-05 11:34:48,116.27090600000001,28.81158,超速,"速度达到102km/h,超过100km/h",江西,上饶,余干,1-2级,阵雨转多云,
2018-08-05 11:34:49,116.270908,28.81413,超速,"速度达到102km/h,超过100km/h",江西,上饶,余干,1-2级,阵雨转多云,
2018-08-05 11:34:50,116.27091100000001,28.81665,超速,"速度达到101km/h,超过100km/h",江西,上饶,余干,1-2级,阵雨转多云,
2018-08-05 11:38:52,116.256468,28.136056,超速,"速度达到101km/h,超过100km/h",江西,抚州,临川,1-2级,雷阵雨转多云,
2018-08-05 11:38:55,116.256273,28.136785999999997,超速,"速度达到101km/h,超过100km/h",江西,抚州,临川,1-2级,雷阵雨转多云,
2018-08-05 11:38:56,116.256208,28.137028000000004,超速,"速度达到101km/h,超过100km/h",江西,抚州,临川,1-2级,雷阵雨转多云,
2018-08-05 11:38:57,116.25614099999999,28.137272999999997,超速,"速度达到101km/h,超过100km/h",江西,抚州,临川,1-2级,雷阵雨转多云,
2018-08-05 11:38:58,116.25607,28.137515999999998,超速,"速度达到101km/h,超过100km/h",江西,抚州,临川,1-2级,雷阵雨转多云,
2018-08-05 11:38:59,116.25599299999999,28.137759999999997,超速,"速度达到101km/h,超过100km/h",江西,抚州,临川,1-2级,雷阵雨转多云,
2018-08-05 11:39:00,116.25591999999999,28.138003,超速,"速度达到102km/h,超过100km/h",江西,抚州,临川,1-2级,雷阵雨转多云,
2018-08-05 11:39:01,116.25584599999999,28.138246000000002,超速,"速度达到101km/h,超过100km/h",江西,抚州,临川,1-2级,雷阵雨转多云,
2018-08-05 11:41:39,116.246225,28.175186,超速,"速度达到101km/h,超过100km/h",江西,抚州,临川,1-2级,雷阵雨转多云,
2018-08-05 11:41:40,116.246191,28.175440000000002,超速,"速度达到101km/h,超过100km/h",江西,抚州,临川,1-2级,雷阵雨转多云,
2018-08-05 11:41:41,116.246155,28.175690000000003,超速,"速度达到102km/h,超过100km/h",江西,抚州,临川,1-2级,雷阵雨转多云,
2018-08-05 11:41:42,116.24611599999999,28.175940999999998,超速,"速度达到102km/h,超过100km/h",江西,抚州,临川,1-2级,雷阵雨转多云,
2018-08-05 11:41:43,116.246075,28.176192999999998,超速,"速度达到102km/h,超过100km/h",江西,抚州,临川,1-2级,雷阵雨转多云,
2018-08-05 11:41:44,116.24603,28.176446000000002,超速,"速度达到102km/h,超过100km/h",江西,抚州,临川,1-2级,雷阵雨转多云,
2018-08-05 11:41:45,116.24598300000001,28.176695000000002,超速,"速度达到101km/h,超过100km/h",江西,抚州,临川,1-2级,雷阵雨转多云,
2018-08-05 11:42:53,116.239403,28.192109999999996,急减速,"加速度达到-6.39m/s^2,超过-3m/s^2",江西,抚州,临川,1-2级,雷阵雨转多云,
2018-08-05 11:42:54,116.239305,28.192328000000003,急加速,"加速度达到6.11m/s^2,超过3m/s^2",江西,抚州,临川,1-2级,雷阵雨转多云,
2018-08-05 11:43:01,116.238533,28.193934999999996,超速,"速度达到101km/h,超过100km/h",江西,抚州,临川,1-2级,雷阵雨转多云,
2018-08-05 11:43:02,116.238433,28.194171,超速,"速度达到101km/h,超过100km/h",江西,抚州,临川,1-2级,雷阵雨转多云,
2018-08-05 11:43:03,116.238335,28.19440800000001,超速,"速度达到101km/h,超过100km/h",江西,抚州,临川,1-2级,雷阵雨转多云,
2018-08-05 11:43:04,116.238238,28.194646000000002,超速,"速度达到101km/h,超过100km/h",江西,抚州,临川,1-2级,雷阵雨转多云,
2018-08-05 11:43:05,116.238146,28.194886,超速,"速度达到101km/h,超过100km/h",江西,抚州,临川,1-2级,雷阵雨转多云,
2018-08-05 11:43:51,116.23414,28.205206,超速,"速度达到101km/h,超过100km/h",江西,南昌,进贤,1-2级,多云转雷阵雨,
2018-08-05 11:43:52,116.234053,28.205447999999997,超速,"速度达到102km/h,超过100km/h",江西,南昌,进贤,1-2级,多云转雷阵雨,
2018-08-05 11:43:53,116.233965,28.205688000000002,超速,"速度达到102km/h,超过100km/h",江西,南昌,进贤,1-2级,多云转雷阵雨,
2018-08-05 11:43:54,116.233876,28.20593,超速,"速度达到102km/h,超过100km/h",江西,南昌,进贤,1-2级,多云转雷阵雨,
2018-08-05 11:43:55,116.23378500000001,28.206173,超速,"速度达到101km/h,超过100km/h",江西,南昌,进贤,1-2级,多云转雷阵雨,
2018-08-05 11:43:56,116.233696,28.206415000000003,超速,"速度达到101km/h,超过100km/h",江西,南昌,进贤,1-2级,多云转雷阵雨,
2018-08-05 11:43:58,116.23351799999999,28.20689500000001,超速,"速度达到101km/h,超过100km/h",江西,南昌,进贤,1-2级,多云转雷阵雨,
2018-08-05 11:43:59,116.233425,28.207133000000002,超速,"速度达到101km/h,超过100km/h",江西,南昌,进贤,1-2级,多云转雷阵雨,
2018-08-05 11:44:00,116.23333000000001,28.207371000000002,超速,"速度达到101km/h,超过100km/h",江西,南昌,进贤,1-2级,多云转雷阵雨,
2018-08-05 11:44:01,116.23323500000001,28.207608,超速,"速度达到101km/h,超过100km/h",江西,南昌,进贤,1-2级,多云转雷阵雨,
2018-08-05 11:44:02,116.23313300000001,28.207841,超速,"速度达到101km/h,超过100km/h",江西,南昌,进贤,1-2级,多云转雷阵雨,
2018-08-05 11:44:03,116.233028,28.208073,超速,"速度达到101km/h,超过100km/h",江西,南昌,进贤,1-2级,多云转雷阵雨,
2018-08-05 11:44:04,116.23292099999999,28.208306,超速,"速度达到101km/h,超过100km/h",江西,南昌,进贤,1-2级,多云转雷阵雨,
2018-08-05 11:48:59,116.185445,28.263122999999997,超速,"速度达到101km/h,超过100km/h",江西,南昌,进贤,1-2级,多云转雷阵雨,
2018-08-05 11:49:02,116.18494799999999,28.263740999999996,超速,"速度达到101km/h,超过100km/h",江西,南昌,进贤,1-2级,多云转雷阵雨,
2018-08-05 11:49:11,116.183653,28.265667999999998,超速,"速度达到101km/h,超过100km/h",江西,南昌,进贤,1-2级,多云转雷阵雨,
2018-08-05 11:49:13,116.18341799999999,28.266118,超速,"速度达到101km/h,超过100km/h",江西,南昌,进贤,1-2级,多云转雷阵雨,
2018-08-05 11:49:14,116.183298,28.266340999999997,超速,"速度达到101km/h,超过100km/h",江西,南昌,进贤,1-2级,多云转雷阵雨,
2018-08-05 11:49:58,116.18177299999999,28.276773,超速,"速度达到101km/h,超过100km/h",江西,南昌,进贤,1-2级,多云转雷阵雨,
2018-08-05 11:51:22,116.181421,28.296808000000002,超速,"速度达到101km/h,超过100km/h",江西,南昌,进贤,1-2级,多云转雷阵雨,
2018-08-05 11:51:23,116.181343,28.297046,超速,"速度达到101km/h,超过100km/h",江西,南昌,进贤,1-2级,多云转雷阵雨,
2018-08-05 11:51:24,116.181271,28.297290000000004,超速,"速度达到101km/h,超过100km/h",江西,南昌,进贤,1-2级,多云转雷阵雨,
2018-08-05 11:51:51,116.180173,28.30395,超速,"速度达到101km/h,超过100km/h",江西,南昌,进贤,1-2级,多云转雷阵雨,
2018-08-05 11:51:52,116.18013799999999,28.3042,超速,"速度达到101km/h,超过100km/h",江西,南昌,进贤,1-2级,多云转雷阵雨,
2018-08-05 11:51:53,116.18009599999999,28.304447999999997,超速,"速度达到102km/h,超过100km/h",江西,南昌,进贤,1-2级,多云转雷阵雨,
2018-08-05 11:51:54,116.180053,28.304701,超速,"速度达到103km/h,超过100km/h",江西,南昌,进贤,1-2级,多云转雷阵雨,
2018-08-05 11:51:55,116.180008,28.304955,超速,"速度达到103km/h,超过100km/h",江西,南昌,进贤,1-2级,多云转雷阵雨,
2018-08-05 11:51:56,116.179961,28.305208,超速,"速度达到103km/h,超过100km/h",江西,南昌,进贤,1-2级,多云转雷阵雨,
2018-08-05 11:51:57,116.179915,28.305465,超速,"速度达到103km/h,超过100km/h",江西,南昌,进贤,1-2级,多云转雷阵雨,
2018-08-05 11:51:58,116.179868,28.30572,超速,"速度达到102km/h,超过100km/h",江西,南昌,进贤,1-2级,多云转雷阵雨,
2018-08-05 11:51:59,116.179823,28.305972999999998,超速,"速度达到101km/h,超过100km/h",江西,南昌,进贤,1-2级,多云转雷阵雨,
2018-08-05 11:52:00,116.179776,28.306225,超速,"速度达到101km/h,超过100km/h",江西,南昌,进贤,1-2级,多云转雷阵雨,
2018-08-05 11:52:15,116.178795,28.309856,超速,"速度达到101km/h,超过100km/h",江西,南昌,进贤,1-2级,多云转雷阵雨,
2018-08-05 11:52:16,116.178715,28.3101,超速,"速度达到101km/h,超过100km/h",江西,南昌,进贤,1-2级,多云转雷阵雨,
2018-08-05 11:52:17,116.17863100000001,28.310338,超速,"速度达到101km/h,超过100km/h",江西,南昌,进贤,1-2级,多云转雷阵雨,
2018-08-05 11:52:18,116.178546,28.310579999999998,超速,"速度达到102km/h,超过100km/h",江西,南昌,进贤,1-2级,多云转雷阵雨,
2018-08-05 11:52:19,116.17846100000001,28.310821,超速,"速度达到102km/h,超过100km/h",江西,南昌,进贤,1-2级,多云转雷阵雨,
2018-08-05 11:52:20,116.178376,28.311063,超速,"速度达到101km/h,超过100km/h",江西,南昌,进贤,1-2级,多云转雷阵雨,
2018-08-05 11:52:21,116.17828999999999,28.311304999999997,超速,"速度达到101km/h,超过100km/h",江西,南昌,进贤,1-2级,多云转雷阵雨,
2018-08-05 11:52:22,116.178198,28.311541,超速,"速度达到101km/h,超过100km/h",江西,南昌,进贤,1-2级,多云转雷阵雨,
2018-08-05 11:53:49,116.164795,28.32885,超速,"速度达到101km/h,超过100km/h",江西,南昌,进贤,1-2级,多云转雷阵雨,
2018-08-05 11:53:50,116.1646,28.32903300000001,超速,"速度达到101km/h,超过100km/h",江西,南昌,进贤,1-2级,多云转雷阵雨,
2018-08-05 11:53:51,116.1644,28.329215,超速,"速度达到101km/h,超过100km/h",江西,南昌,进贤,1-2级,多云转雷阵雨,
2018-08-05 12:00:37,116.96261000000001,28.40438300000001,超速,"速度达到101km/h,超过100km/h",江西,鹰潭,余江,1-2级,小雨转多云,
2018-08-05 12:00:38,116.96135,28.404613,超速,"速度达到101km/h,超过100km/h",江西,鹰潭,余江,1-2级,小雨转多云,
2018-08-05 12:07:38,116.68615,28.499115999999997,超速,"速度达到101km/h,超过100km/h",江西,上饶,余干,1-2级,阵雨转多云,
2018-08-05 12:07:39,116.68651000000001,28.499363,超速,"速度达到101km/h,超过100km/h",江西,上饶,余干,1-2级,阵雨转多云,
2018-08-05 12:14:22,116.6774,28.571931,急减速,"加速度达到-3.06m/s^2,超过-3m/s^2",江西,上饶,余干,1-2级,阵雨转多云,
2018-08-05 12:14:28,116.67678000000001,28.571893,急加速,"加速度达到3.33m/s^2,超过3m/s^2",江西,上饶,余干,1-2级,阵雨转多云,
2018-08-05 12:14:42,116.67311000000001,28.571715,急加速,"加速度达到3.61m/s^2,超过3m/s^2",江西,上饶,余干,1-2级,阵雨转多云,
2018-08-05 12:23:04,115.96741100000001,28.595436,急减速,"加速度达到-3.06m/s^2,超过-3m/s^2",江西,南昌,青山湖,1-2级,雷阵雨转多云,
2018-08-05 12:23:43,115.967223,28.595458,急加速,"加速度达到3.06m/s^2,超过3m/s^2",江西,南昌,青山湖,1-2级,雷阵雨转多云,
2018-08-05 12:26:53,115.95144599999999,28.598746000000002,急减速,"加速度达到-3.06m/s^2,超过-3m/s^2",江西,南昌,青山湖,1-2级,雷阵雨转多云,
2018-08-05 12:27:01,115.95128500000001,28.598783,急加速,"加速度达到3.33m/s^2,超过3m/s^2",江西,南昌,青山湖,1-2级,雷阵雨转多云,
2018-08-05 12:29:06,115.95286100000001,28.609801,急减速,"加速度达到-3.33m/s^2,超过-3m/s^2",江西,南昌,青山湖,1-2级,雷阵雨转多云,
2018-08-05 12:29:45,115.95286999999999,28.609890999999998,急加速,"加速度达到3.61m/s^2,超过3m/s^2",江西,南昌,青山湖,1-2级,雷阵雨转多云,
2018-08-05 12:31:54,115.95199099999999,28.622658,急减速,"加速度达到-3.06m/s^2,超过-3m/s^2",江西,南昌,青山湖,1-2级,雷阵雨转多云,
2018-08-05 12:34:09,115.941801,28.623613,急减速,"加速度达到-3.06m/s^2,超过-3m/s^2",江西,南昌,青云谱,1-2级,雷阵雨转多云,
2018-08-05 12:35:11,115.941685,28.623621000000004,急加速,"加速度达到3.89m/s^2,超过3m/s^2",江西,南昌,青云谱,1-2级,雷阵雨转多云,
2018-08-05 12:36:31,115.933415,28.624025,急减速,"加速度达到-3.06m/s^2,超过-3m/s^2",江西,南昌,青云谱,1-2级,雷阵雨转多云,
2018-08-05 12:38:03,115.92951299999999,28.624259999999996,急减速,"加速度达到-3.61m/s^2,超过-3m/s^2",江西,南昌,青云谱,1-2级,雷阵雨转多云,
2018-08-05 12:38:37,115.92938999999998,28.624233,急加速,"加速度达到3.61m/s^2,超过3m/s^2",江西,南昌,青云谱,1-2级,雷阵雨转多云,
2018-08-05 12:45:46,115.90720800000001,28.647880999999998,急减速,"加速度达到-3.33m/s^2,超过-3m/s^2",江西,南昌,青云谱,1-2级,雷阵雨转多云,
2018-08-05 12:46:11,115.907198,28.647955,急加速,"加速度达到3.06m/s^2,超过3m/s^2",江西,南昌,青云谱,1-2级,雷阵雨转多云,
2018-08-05 12:46:36,115.907076,28.649138,急减速,"加速度达到-3.89m/s^2,超过-3m/s^2",江西,南昌,青云谱,1-2级,雷阵雨转多云,
2018-08-05 12:46:45,115.90706599999999,28.64933,急加速,"加速度达到3.06m/s^2,超过3m/s^2",江西,南昌,青云谱,1-2级,雷阵雨转多云,
2018-08-05 12:48:25,115.90623500000001,28.657515000000004,急减速,"加速度达到-3.06m/s^2,超过-3m/s^2",江西,南昌,青云谱,1-2级,雷阵雨转多云,
2018-08-05 12:50:19,115.90559499999999,28.663890000000002,急减速,"加速度达到-3.06m/s^2,超过-3m/s^2",江西,南昌,西湖,1-2级,雷阵雨转多云,
2018-08-05 12:52:38,115.91254099999999,28.665545,急减速,"加速度达到-3.06m/s^2,超过-3m/s^2",江西,南昌,西湖,1-2级,雷阵雨转多云,
2018-08-05 12:52:46,115.91271599999999,28.665661,急加速,"加速度达到3.89m/s^2,超过3m/s^2",江西,南昌,西湖,1-2级,雷阵雨转多云,
2018-08-05 12:54:25,115.91277,28.669983000000002,急加速,"加速度达到3.06m/s^2,超过3m/s^2",江西,南昌,西湖,1-2级,雷阵雨转多云,
2018-08-05 12:54:36,115.912131,28.67008,急减速,"加速度达到-3.06m/s^2,超过-3m/s^2",江西,南昌,西湖,1-2级,雷阵雨转多云,
2018-08-05 12:54:36,115.912131,28.67008,超长怠速,"超长怠速时长为37670秒,超过120秒",江西,南昌,西湖,1-2级,雷阵雨转多云,
2018-08-05 12:55:08,115.91173500000001,28.669978000000004,急变道,"方向角变化数为：36,超过30",江西,南昌,西湖,1-2级,雷阵雨转多云,
2018-08-05 13:02:08,115.911381,28.66958,急变道,"方向角变化数为：36,超过30",江西,南昌,西湖,1-2级,雷阵雨转多云,
2018-08-05 13:02:33,115.911406,28.669631,急变道,"方向角变化数为：137,超过30",江西,南昌,西湖,1-2级,雷阵雨转多云,
2018-08-05 13:02:42,115.911391,28.669651,急变道,"方向角变化数为：127,超过30",江西,南昌,西湖,1-2级,雷阵雨转多云,
2018-08-05 13:06:01,115.911895,28.669940999999998,急变道,"方向角变化数为：109,超过30",江西,南昌,西湖,1-2级,雷阵雨转多云,
2018-08-05 23:19:08,115.911933,28.669992999999998,怠速预热,"怠速预热时长为198秒,超过120秒",江西,南昌,西湖,1-2级,雷阵雨转多云,
2018-08-05 23:19:08,115.911933,28.669992999999998,疲劳驾驶,"疲劳驾驶时长为17105秒,超过14400秒",江西,南昌,西湖,1-2级,雷阵雨转多云,
2018-08-05 23:21:10,115.91190300000001,28.669915000000003,急变道,"方向角变化数为：174,超过30",江西,南昌,西湖,1-2级,雷阵雨转多云,
2018-08-05 23:21:24,115.911933,28.669838000000002,急变道,"方向角变化数为：145,超过30",江西,南昌,西湖,1-2级,雷阵雨转多云,
2018-08-05 23:21:35,115.911923,28.669915000000003,急变道,"方向角变化数为：127,超过30",江西,南昌,西湖,1-2级,雷阵雨转多云,
2018-08-05 23:21:41,115.912015,28.669963,急变道,"方向角变化数为：31,超过30",江西,南昌,西湖,1-2级,雷阵雨转多云,
2018-08-05 23:21:50,115.9121,28.670058,急变道,"方向角变化数为：35,超过30",江西,南昌,西湖,1-2级,雷阵雨转多云,
2018-08-05 23:21:51,115.91211499999999,28.670065,急变道,"方向角变化数为：98,超过30",江西,南昌,西湖,1-2级,雷阵雨转多云,
2018-08-05 23:21:56,115.91221599999999,28.670106,急变道,"方向角变化数为：32,超过30",江西,南昌,西湖,1-2级,雷阵雨转多云,
2018-08-05 23:22:26,115.91296799999999,28.669956,急加速,"加速度达到3.06m/s^2,超过3m/s^2",江西,南昌,西湖,1-2级,雷阵雨转多云,
2018-08-05 23:22:29,115.913055,28.669935,急减速,"加速度达到-3.06m/s^2,超过-3m/s^2",江西,南昌,西湖,1-2级,雷阵雨转多云,
2018-08-05 23:22:31,115.913123,28.669935,急加速,"加速度达到3.33m/s^2,超过3m/s^2",江西,南昌,西湖,1-2级,雷阵雨转多云,
2018-08-05 23:22:37,115.913343,28.669946000000003,急减速,"加速度达到-3.06m/s^2,超过-3m/s^2",江西,南昌,西湖,1-2级,雷阵雨转多云,
2018-08-05 23:23:29,115.913475,28.671067999999998,急减速,"加速度达到-3.06m/s^2,超过-3m/s^2",江西,南昌,西湖,1-2级,雷阵雨转多云,
2018-08-05 23:23:29,115.913475,28.671067999999998,超长怠速,"超长怠速时长为1133秒,超过120秒",江西,南昌,西湖,1-2级,雷阵雨转多云,
2018-08-05 23:23:30,115.91346999999999,28.671075,急变道,"方向角变化数为：37,超过30",江西,南昌,西湖,1-2级,雷阵雨转多云,
2018-08-05 23:23:35,115.91349299999999,28.67112100000001,急变道,"方向角变化数为：42,超过30",江西,南昌,西湖,1-2级,雷阵雨转多云,
2018-08-05 23:42:22,115.913498,28.67166,急加速,"加速度达到3.33m/s^2,超过3m/s^2",江西,南昌,西湖,1-2级,雷阵雨转多云,
2018-08-05 23:42:22,115.913498,28.67166,长时间低速行驶,"长时间低速行驶时长为64秒,超过60秒",江西,南昌,西湖,1-2级,雷阵雨转多云,
2018-08-05 23:47:43,115.91438000000001,28.691422999999997,急加速,"加速度达到3.06m/s^2,超过3m/s^2",江西,南昌,东湖,1-2级,雷阵雨转多云,
2018-08-05 23:51:03,115.90181299999999,28.69727,急减速,"加速度达到-3.89m/s^2,超过-3m/s^2",江西,南昌,东湖,1-2级,雷阵雨转多云,
2018-08-05 23:51:08,115.901751,28.6972,急加速,"加速度达到3.33m/s^2,超过3m/s^2",江西,南昌,东湖,1-2级,雷阵雨转多云,
2018-08-05 23:54:51,115.90773600000001,28.701833,急减速,"加速度达到-3.06m/s^2,超过-3m/s^2",江西,南昌,东湖,1-2级,雷阵雨转多云,
2018-08-05 23:55:16,115.90786999999999,28.701960999999997,急加速,"加速度达到3.06m/s^2,超过3m/s^2",江西,南昌,东湖,1-2级,雷阵雨转多云,
2018-08-05 23:56:35,115.91301599999998,28.706078,急减速,"加速度达到-3.89m/s^2,超过-3m/s^2",江西,南昌,东湖,1-2级,雷阵雨转多云,
2018-08-05 23:57:46,115.91376100000001,28.70709,急减速,"加速度达到-3.06m/s^2,超过-3m/s^2",江西,南昌,东湖,1-2级,雷阵雨转多云,
2018-08-05 23:57:48,115.91381000000001,28.707126000000002,超长怠速,"超长怠速时长为155秒,超过120秒",江西,南昌,东湖,1-2级,雷阵雨转多云,
2018-08-06 00:00:23,115.914138,28.707471,急加速,"加速度达到3.06m/s^2,超过3m/s^2",江西,南昌,东湖,<3级,多云,
2018-08-06 00:00:38,115.914573,28.70782,超长怠速,"超长怠速时长为134秒,超过120秒",江西,南昌,东湖,<3级,多云,
2018-08-06 00:02:52,115.91483799999999,28.707973,急加速,"加速度达到3.33m/s^2,超过3m/s^2",江西,南昌,东湖,<3级,多云,
2018-08-06 00:03:27,115.915191,28.708990000000004,急减速,"加速度达到-3.06m/s^2,超过-3m/s^2",江西,南昌,东湖,<3级,多云,
2018-08-06 00:03:37,115.915205,28.709103000000002,急变道,"方向角变化数为：35,超过30",江西,南昌,东湖,<3级,多云,
2018-08-06 00:03:47,115.915191,28.709290999999997,急加速,"加速度达到3.33m/s^2,超过3m/s^2",江西,南昌,东湖,<3级,多云,
2018-08-06 00:37:10,115.87203999999998,29.1073,急减速,"加速度达到-3.06m/s^2,超过-3m/s^2",江西,九江,永修,<3级,多云转晴,
2018-08-06 00:37:25,115.872041,29.10933,急加速,"加速度达到3.33m/s^2,超过3m/s^2",江西,九江,永修,<3级,多云转晴,
2018-08-06 00:49:25,115.84298999999999,29.137958,急加速,"加速度达到3.06m/s^2,超过3m/s^2",江西,九江,永修,<3级,多云转晴,
2018-08-06 00:52:14,115.84897099999999,29.165356,急减速,"加速度达到-3.06m/s^2,超过-3m/s^2",江西,九江,永修,<3级,多云转晴,
2018-08-06 00:52:33,115.849048,29.16548,急加速,"加速度达到3.61m/s^2,超过3m/s^2",江西,九江,永修,<3级,多云转晴,
2018-08-06 00:59:15,115.851256,29.244698,急减速,"加速度达到-3.06m/s^2,超过-3m/s^2",江西,九江,星子,<3级,多云转晴,
2018-08-06 00:59:27,115.85067,29.24553,急减速,"加速度达到-3.61m/s^2,超过-3m/s^2",江西,九江,星子,<3级,多云转晴,
2018-08-06 01:02:22,115.84693600000001,29.252347999999998,急减速,"加速度达到-3.61m/s^2,超过-3m/s^2",江西,九江,星子,<3级,多云转晴,
2018-08-06 01:03:36,115.846846,29.252558,急加速,"加速度达到3.33m/s^2,超过3m/s^2",江西,九江,星子,<3级,多云转晴,
2018-08-06 01:14:28,115.82219599999999,29.362755,急减速,"加速度达到-4.17m/s^2,超过-3m/s^2",江西,九江,星子,<3级,多云转晴,
2018-08-06 01:15:02,115.82239299999999,29.36283,急加速,"加速度达到3.33m/s^2,超过3m/s^2",江西,九江,星子,<3级,多云转晴,
2018-08-06 01:25:37,115.886578,29.416151,急减速,"加速度达到-3.06m/s^2,超过-3m/s^2",江西,九江,星子,<3级,多云转晴,
2018-08-06 01:26:47,115.886618,29.416246,急加速,"加速度达到3.06m/s^2,超过3m/s^2",江西,九江,星子,<3级,多云转晴,
2018-08-06 01:40:39,115.87468100000001,29.512046,急减速,"加速度达到-3.61m/s^2,超过-3m/s^2",江西,九江,庐山,<3级,多云转晴,
2018-08-06 01:40:49,115.87471599999999,29.512216,急加速,"加速度达到3.06m/s^2,超过3m/s^2",江西,九江,庐山,<3级,多云转晴,
2018-08-06 01:41:08,115.874853,29.512656,急加速,"加速度达到3.06m/s^2,超过3m/s^2",江西,九江,庐山,<3级,多云转晴,
2018-08-06 01:42:01,115.878548,29.51458,急减速,"加速度达到-3.33m/s^2,超过-3m/s^2",江西,九江,庐山,<3级,多云转晴,
2018-08-06 01:42:53,115.88023999999999,29.515268,急减速,"加速度达到-3.33m/s^2,超过-3m/s^2",江西,九江,庐山,<3级,多云转晴,
2018-08-06 01:42:53,115.88023999999999,29.515268,超长怠速,"超长怠速时长为185秒,超过120秒",江西,九江,庐山,<3级,多云转晴,
2018-08-06 01:45:58,115.880478,29.515584999999998,急加速,"加速度达到3.06m/s^2,超过3m/s^2",江西,九江,庐山,<3级,多云转晴,
2018-08-06 01:46:35,115.88261499999999,29.516109999999998,急减速,"加速度达到-3.33m/s^2,超过-3m/s^2",江西,九江,庐山,<3级,多云转晴,
2018-08-06 01:46:59,115.882908,29.515858,急减速,"加速度达到-3.06m/s^2,超过-3m/s^2",江西,九江,庐山,<3级,多云转晴,
2018-08-06 01:46:59,115.882908,29.515858,超长怠速,"超长怠速时长为660秒,超过120秒",江西,九江,庐山,<3级,多云转晴,
2018-08-06 01:57:53,115.88296799999999,29.515867999999998,急变道,"方向角变化数为：59,超过30",江西,九江,庐山,<3级,多云转晴,
2018-08-06 01:57:56,115.883,29.515922999999997,急变道,"方向角变化数为：36,超过30",江西,九江,庐山,<3级,多云转晴,
2018-08-06 01:58:22,115.88253600000002,29.516309999999997,急加速,"加速度达到3.06m/s^2,超过3m/s^2",江西,九江,庐山,<3级,多云转晴,
2018-08-06 01:58:31,115.882236,29.51633,急减速,"加速度达到-3.06m/s^2,超过-3m/s^2",江西,九江,庐山,<3级,多云转晴,
2018-08-06 01:58:40,115.88205500000001,29.516271000000003,急加速,"加速度达到3.06m/s^2,超过3m/s^2",江西,九江,庐山,<3级,多云转晴,
2018-08-06 02:00:33,115.87486799999999,29.512715999999998,急减速,"加速度达到-3.06m/s^2,超过-3m/s^2",江西,九江,庐山,<3级,多云转晴,
2018-08-06 02:14:56,115.886925,29.416983000000002,急减速,"加速度达到-3.06m/s^2,超过-3m/s^2",江西,九江,星子,<3级,多云转晴,
2018-08-06 02:16:05,115.88686799999999,29.416890999999996,急加速,"加速度达到3.61m/s^2,超过3m/s^2",江西,九江,星子,<3级,多云转晴,
2018-08-06 02:38:01,115.850016,29.24628,急减速,"加速度达到-3.33m/s^2,超过-3m/s^2",江西,九江,星子,<3级,多云转晴,
2018-08-06 02:38:51,115.850176,29.24604,急加速,"加速度达到3.33m/s^2,超过3m/s^2",江西,九江,星子,<3级,多云转晴,
2018-08-06 02:46:15,115.84916299999999,29.166058000000003,急加速,"加速度达到3.33m/s^2,超过3m/s^2",江西,九江,永修,<3级,多云转晴,
2018-08-06 02:49:00,115.84331999999999,29.139253000000004,急减速,"加速度达到-3.33m/s^2,超过-3m/s^2",江西,九江,永修,<3级,多云转晴,
2018-08-06 02:52:36,115.84487,29.102773,急减速,"加速度达到-3.61m/s^2,超过-3m/s^2",江西,九江,永修,<3级,多云转晴,
2018-08-06 02:52:47,115.844916,29.10268300000001,急加速,"加速度达到3.89m/s^2,超过3m/s^2",江西,九江,永修,<3级,多云转晴,
2018-08-06 03:07:48,115.87361299999999,28.938578000000003,急减速,"加速度达到-4.17m/s^2,超过-3m/s^2",江西,南昌,新建,<3级,多云,
2018-08-06 03:08:02,115.87360600000001,28.938484999999996,急加速,"加速度达到3.06m/s^2,超过3m/s^2",江西,南昌,新建,<3级,多云,
2018-08-06 03:17:43,115.95735,28.873933,急减速,"加速度达到-3.89m/s^2,超过-3m/s^2",江西,南昌,新建,<3级,多云,
2018-08-06 03:38:08,115.91499099999999,28.708538,急加速,"加速度达到3.61m/s^2,超过3m/s^2",江西,南昌,东湖,<3级,多云,
2018-08-06 03:38:15,115.91506000000001,28.708354999999997,急加速,"加速度达到3.06m/s^2,超过3m/s^2",江西,南昌,东湖,<3级,多云,
2018-08-06 03:40:01,115.908456,28.702463,急减速,"加速度达到-3.33m/s^2,超过-3m/s^2",江西,南昌,东湖,<3级,多云,
2018-08-06 03:40:27,115.90838500000001,28.702406,急加速,"加速度达到3.33m/s^2,超过3m/s^2",江西,南昌,东湖,<3级,多云,
2018-08-06 03:41:50,115.900825,28.696428000000004,急减速,"加速度达到-4.17m/s^2,超过-3m/s^2",江西,南昌,东湖,<3级,多云,
2018-08-06 03:42:36,115.90075,28.696385,急加速,"加速度达到3.33m/s^2,超过3m/s^2",江西,南昌,东湖,<3级,多云,
2018-08-06 03:42:47,115.90073000000001,28.696126,急变道,"方向角变化数为：32,超过30",江西,南昌,东湖,<3级,多云,
2018-08-06 03:46:05,115.914281,28.692636,超长怠速,"超长怠速时长为371秒,超过120秒",江西,南昌,东湖,<3级,多云,
2018-08-06 03:52:16,115.91431499999999,28.691809999999997,急加速,"加速度达到3.06m/s^2,超过3m/s^2",江西,南昌,东湖,<3级,多云,
2018-08-06 03:53:44,115.91403600000001,28.686565,急减速,"加速度达到-3.61m/s^2,超过-3m/s^2",江西,南昌,东湖,<3级,多云,
2018-08-06 03:54:35,115.91403799999999,28.686465999999996,急加速,"加速度达到3.06m/s^2,超过3m/s^2",江西,南昌,东湖,<3级,多云,
2018-08-06 03:55:22,115.91377,28.684147999999997,急减速,"加速度达到-3.33m/s^2,超过-3m/s^2",江西,南昌,东湖,<3级,多云,
2018-08-06 03:55:23,115.913766,28.684113,急加速,"加速度达到3.89m/s^2,超过3m/s^2",江西,南昌,东湖,<3级,多云,
2018-08-06 03:55:51,115.913735,28.682111,长时间低速行驶,"长时间低速行驶时长为66秒,超过60秒",江西,南昌,东湖,<3级,多云,
2018-08-06 03:58:20,115.91356,28.672310999999997,急减速,"加速度达到-3.06m/s^2,超过-3m/s^2",江西,南昌,西湖,<3级,多云,
2018-08-06 03:58:39,115.91356100000002,28.672246,急加速,"加速度达到3.06m/s^2,超过3m/s^2",江西,南昌,西湖,<3级,多云,
2018-08-06 03:58:40,115.913576,28.672208,急减速,"加速度达到-3.06m/s^2,超过-3m/s^2",江西,南昌,西湖,<3级,多云,
2018-08-06 03:58:41,115.913573,28.672175,急加速,"加速度达到3.06m/s^2,超过3m/s^2",江西,南昌,西湖,<3级,多云,
2018-08-06 03:59:48,115.91216100000001,28.670060999999997,急减速,"加速度达到-3.06m/s^2,超过-3m/s^2",江西,南昌,西湖,<3级,多云,
2018-08-06 03:59:48,115.91216100000001,28.670060999999997,超长怠速,"超长怠速时长为11557秒,超过120秒",江西,南昌,西湖,<3级,多云,
2018-08-06 04:01:22,115.91183500000001,28.669576,急变道,"方向角变化数为：43,超过30",江西,南昌,西湖,<3级,多云,
2018-08-06 04:01:35,115.91181599999999,28.669608,急变道,"方向角变化数为：150,超过30",江西,南昌,西湖,<3级,多云,
2018-08-06 07:09:16,115.91176599999999,28.669503000000002,怠速预热,"怠速预热时长为189秒,超过120秒",江西,南昌,西湖,<3级,多云,
2018-08-06 07:10:56,115.911795,28.66954,急变道,"方向角变化数为：167,超过30",江西,南昌,西湖,<3级,多云,
2018-08-06 07:15:57,115.90914,28.677305,急加速,"加速度达到3.06m/s^2,超过3m/s^2",江西,南昌,东湖,<3级,多云,
2018-08-06 07:15:59,115.90907800000001,28.677301,急减速,"加速度达到-3.06m/s^2,超过-3m/s^2",江西,南昌,东湖,<3级,多云,
2018-08-06 07:16:02,115.90902,28.677295,急加速,"加速度达到3.33m/s^2,超过3m/s^2",江西,南昌,东湖,<3级,多云,
2018-08-06 07:16:03,115.90900500000001,28.677296000000002,急减速,"加速度达到-3.33m/s^2,超过-3m/s^2",江西,南昌,东湖,<3级,多云,
2018-08-06 07:16:03,115.90900500000001,28.677296000000002,急变道,"方向角变化数为：54,超过30",江西,南昌,东湖,<3级,多云,
2018-08-06 07:16:05,115.909001,28.677281,急变道,"方向角变化数为：75,超过30",江西,南昌,东湖,<3级,多云,
2018-08-06 07:16:06,115.90902,28.677265000000002,急变道,"方向角变化数为：32,超过30",江西,南昌,东湖,<3级,多云,
2018-08-06 07:16:07,115.909066,28.677203000000002,急加速,"加速度达到8.06m/s^2,超过3m/s^2",江西,南昌,东湖,<3级,多云,
2018-08-06 07:16:08,115.90909599999999,28.677186,急减速,"加速度达到-4.44m/s^2,超过-3m/s^2",江西,南昌,东湖,<3级,多云,
2018-08-06 07:16:09,115.90912800000001,28.677186,急变道,"方向角变化数为：39,超过30",江西,南昌,东湖,<3级,多云,
2018-08-06 07:16:36,115.91075500000001,28.677363,急减速,"加速度达到-3.89m/s^2,超过-3m/s^2",江西,南昌,东湖,<3级,多云,
2018-08-06 07:18:01,115.91503600000001,28.677393,急加速,"加速度达到3.61m/s^2,超过3m/s^2",江西,南昌,东湖,<3级,多云,
2018-08-06 07:18:57,115.920951,28.677415000000003,急减速,"加速度达到-3.06m/s^2,超过-3m/s^2",江西,南昌,东湖,<3级,多云,
2018-08-06 07:21:33,115.92211100000002,28.677415999999997,急加速,"加速度达到3.06m/s^2,超过3m/s^2",江西,南昌,青山湖,<3级,多云,
2018-08-06 07:26:57,115.94996599999999,28.67765300000001,急减速,"加速度达到-3.06m/s^2,超过-3m/s^2",江西,南昌,青山湖,<3级,多云,
2018-08-06 07:28:05,115.95500600000001,28.677695,急减速,"加速度达到-3.33m/s^2,超过-3m/s^2",江西,南昌,青山湖,<3级,多云,
2018-08-06 07:31:16,115.95576499999999,28.684638,急减速,"加速度达到-3.89m/s^2,超过-3m/s^2",江西,南昌,青山湖,<3级,多云,
2018-08-06 07:35:06,115.96048,28.69442,急加速,"加速度达到3.61m/s^2,超过3m/s^2",江西,南昌,青山湖,<3级,多云,
2018-08-06 07:36:26,115.96779599999999,28.695551000000002,急减速,"加速度达到-3.33m/s^2,超过-3m/s^2",江西,南昌,青山湖,<3级,多云,
2018-08-06 07:36:38,115.9679,28.69557600000001,急加速,"加速度达到3.33m/s^2,超过3m/s^2",江西,南昌,青山湖,<3级,多云,
2018-08-06 07:37:19,115.970701,28.696075,急减速,"加速度达到-3.06m/s^2,超过-3m/s^2",江西,南昌,青山湖,<3级,多云,
2018-08-06 07:37:55,115.97075500000001,28.696084999999997,急加速,"加速度达到3.06m/s^2,超过3m/s^2",江西,南昌,青山湖,<3级,多云,
2018-08-06 07:39:39,115.971305,28.704165999999997,急减速,"加速度达到-3.89m/s^2,超过-3m/s^2",江西,南昌,青山湖,<3级,多云,
2018-08-06 07:40:32,115.97211599999999,28.704271000000002,急加速,"加速度达到3.06m/s^2,超过3m/s^2",江西,南昌,青山湖,<3级,多云,
2018-08-06 07:41:00,115.972278,28.703440999999998,急减速,"加速度达到-3.06m/s^2,超过-3m/s^2",江西,南昌,青山湖,<3级,多云,
2018-08-06 07:41:03,115.97232,28.703376000000002,急加速,"加速度达到3.06m/s^2,超过3m/s^2",江西,南昌,青山湖,<3级,多云,
2018-08-06 07:41:06,115.972401,28.703367999999998,急变道,"方向角变化数为：38,超过30",江西,南昌,青山湖,<3级,多云,
2018-08-06 07:41:07,115.97241499999998,28.703375,超长怠速,"超长怠速时长为525秒,超过120秒",江西,南昌,青山湖,<3级,多云,
2018-08-06 07:41:14,115.972406,28.703384999999997,急变道,"方向角变化数为：143,超过30",江西,南昌,青山湖,<3级,多云,
2018-08-06 07:41:26,115.97230800000001,28.703411,急变道,"方向角变化数为：117,超过30",江西,南昌,青山湖,<3级,多云,
2018-08-06 07:49:52,115.97219799999999,28.703840999999997,急加速,"加速度达到3.06m/s^2,超过3m/s^2",江西,南昌,青山湖,<3级,多云,
2018-08-06 07:49:53,115.972196,28.703868,急减速,"加速度达到-3.06m/s^2,超过-3m/s^2",江西,南昌,青山湖,<3级,多云,
2018-08-06 07:49:53,115.972196,28.703868,超长怠速,"超长怠速时长为1980秒,超过120秒",江西,南昌,青山湖,<3级,多云,
2018-08-06 07:51:34,115.97218500000001,28.703955999999998,怠速预热,"怠速预热时长为1879秒,超过120秒",江西,南昌,青山湖,<3级,多云,
2018-08-06 08:18:39,115.972151,28.704226000000002,怠速预热,"怠速预热时长为254秒,超过120秒",江西,南昌,青山湖,<3级,多云,
2018-08-06 08:22:53,115.972101,28.704665000000002,急加速,"加速度达到3.06m/s^2,超过3m/s^2",江西,南昌,青山湖,<3级,多云,
2018-08-06 08:24:09,115.97143,28.704686,急加速,"加速度达到3.06m/s^2,超过3m/s^2",江西,南昌,青山湖,<3级,多云,
2018-08-06 08:25:25,115.96820600000001,28.704720000000002,急加速,"加速度达到3.33m/s^2,超过3m/s^2",江西,南昌,青山湖,<3级,多云,
2018-08-06 08:27:22,115.95658799999998,28.704523,急减速,"加速度达到-3.33m/s^2,超过-3m/s^2",江西,南昌,青山湖,<3级,多云,
2018-08-06 08:27:31,115.95649099999999,28.70453,急加速,"加速度达到3.33m/s^2,超过3m/s^2",江西,南昌,青山湖,<3级,多云,
2018-08-06 08:28:23,115.952301,28.704558000000002,急减速,"加速度达到-3.33m/s^2,超过-3m/s^2",江西,南昌,青山湖,<3级,多云,
2018-08-06 08:28:47,115.952175,28.704559999999997,急加速,"加速度达到3.61m/s^2,超过3m/s^2",江西,南昌,青山湖,<3级,多云,
2018-08-06 08:34:20,115.94391100000001,28.685834999999997,急减速,"加速度达到-3.89m/s^2,超过-3m/s^2",江西,南昌,青山湖,<3级,多云,
2018-08-06 08:35:05,115.943928,28.68574000000001,急加速,"加速度达到3.89m/s^2,超过3m/s^2",江西,南昌,青山湖,<3级,多云,
2018-08-06 08:37:56,115.93678999999999,28.677726,急减速,"加速度达到-3.33m/s^2,超过-3m/s^2",江西,南昌,青山湖,<3级,多云,
2018-08-06 08:38:21,115.936695,28.67773,急加速,"加速度达到3.33m/s^2,超过3m/s^2",江西,南昌,青山湖,<3级,多云,
2018-08-06 08:40:47,115.923433,28.677603,急减速,"加速度达到-4.44m/s^2,超过-3m/s^2",江西,南昌,青山湖,<3级,多云,
2018-08-06 08:42:00,115.92325,28.677596,急加速,"加速度达到3.33m/s^2,超过3m/s^2",江西,南昌,青山湖,<3级,多云,
2018-08-06 08:42:04,115.923116,28.677606,急减速,"加速度达到-3.33m/s^2,超过-3m/s^2",江西,南昌,青山湖,<3级,多云,
2018-08-06 08:42:09,115.92302,28.677595,急加速,"加速度达到3.61m/s^2,超过3m/s^2",江西,南昌,青山湖,<3级,多云,
2018-08-06 08:43:45,115.913463,28.677458,急加速,"加速度达到3.06m/s^2,超过3m/s^2",江西,南昌,东湖,<3级,多云,
2018-08-06 08:44:19,115.91068999999999,28.677408000000003,急减速,"加速度达到-3.89m/s^2,超过-3m/s^2",江西,南昌,东湖,<3级,多云,
2018-08-06 08:44:25,115.91058100000001,28.677376000000002,急加速,"加速度达到3.06m/s^2,超过3m/s^2",江西,南昌,东湖,<3级,多云,
2018-08-06 08:44:46,115.909168,28.677308,急减速,"加速度达到-3.61m/s^2,超过-3m/s^2",江西,南昌,东湖,<3级,多云,
2018-08-06 08:45:33,115.908988,28.677301,急变道,"方向角变化数为：65,超过30",江西,南昌,东湖,<3级,多云,
2018-08-06 08:45:36,115.909001,28.677253000000004,急变道,"方向角变化数为：36,超过30",江西,南昌,东湖,<3级,多云,
2018-08-06 08:45:37,115.90903300000001,28.677238,长时间低速行驶,"长时间低速行驶时长为89秒,超过60秒",江西,南昌,东湖,<3级,多云,
2018-08-06 08:48:09,115.91356499999999,28.671943,急加速,"加速度达到3.33m/s^2,超过3m/s^2",江西,南昌,西湖,<3级,多云,
2018-08-06 08:48:56,115.91341100000001,28.668746000000002,急减速,"加速度达到-3.33m/s^2,超过-3m/s^2",江西,南昌,西湖,<3级,多云,
2018-08-06 08:48:56,115.91341100000001,28.668746000000002,超长怠速,"超长怠速时长为227秒,超过120秒",江西,南昌,西湖,<3级,多云,
2018-08-06 08:52:40,115.91346100000001,28.668661,急变道,"方向角变化数为：107,超过30",江西,南昌,西湖,<3级,多云,
2018-08-06 08:52:43,115.913525,28.668721,急加速,"加速度达到3.33m/s^2,超过3m/s^2",江西,南昌,西湖,<3级,多云,
2018-08-06 08:52:59,115.91351100000001,28.668821,急变道,"方向角变化数为：31,超过30",江西,南昌,西湖,<3级,多云,
2018-08-06 08:53:00,115.91351,28.668851,急加速,"加速度达到3.06m/s^2,超过3m/s^2",江西,南昌,西湖,<3级,多云,
2018-08-06 08:53:28,115.91338600000002,28.669859999999996,急减速,"加速度达到-3.06m/s^2,超过-3m/s^2",江西,南昌,西湖,<3级,多云,
2018-08-06 08:53:30,115.91332299999999,28.669871,急加速,"加速度达到3.61m/s^2,超过3m/s^2",江西,南昌,西湖,<3级,多云,
2018-08-06 08:54:01,115.91221999999999,28.670001,急变道,"方向角变化数为：38,超过30",江西,南昌,西湖,<3级,多云,
2018-08-06 08:54:02,115.91218500000001,28.669996,急减速,"加速度达到-3.06m/s^2,超过-3m/s^2",江西,南昌,西湖,<3级,多云,
2018-08-06 08:54:02,115.91218500000001,28.669996,超长怠速,"超长怠速时长为54593秒,超过120秒",江西,南昌,西湖,<3级,多云,
2018-08-06 08:54:03,115.912171,28.669976000000002,急变道,"方向角变化数为：34,超过30",江西,南昌,西湖,<3级,多云,
2018-08-06 08:55:33,115.91187099999999,28.669626,急变道,"方向角变化数为：41,超过30",江西,南昌,西湖,<3级,多云,
2018-08-07 00:00:22,115.911873,28.669706,怠速预热,"怠速预热时长为213秒,超过120秒",江西,南昌,西湖,1-2级,多云,
2018-08-07 00:01:51,115.911823,28.669590000000003,急变道,"方向角变化数为：42,超过30",江西,南昌,西湖,1-2级,多云,
2018-08-07 00:02:43,115.911406,28.669929999999997,急变道,"方向角变化数为：36,超过30",江西,南昌,西湖,1-2级,多云,
2018-08-07 00:03:55,115.91266100000001,28.67003,急加速,"加速度达到3.06m/s^2,超过3m/s^2",江西,南昌,西湖,1-2级,多云,
2018-08-07 00:04:22,115.91345600000001,28.669926,急加速,"加速度达到3.06m/s^2,超过3m/s^2",江西,南昌,西湖,1-2级,多云,
2018-08-07 00:04:23,115.913475,28.66995,急减速,"加速度达到-3.06m/s^2,超过-3m/s^2",江西,南昌,西湖,1-2级,多云,
2018-08-07 00:04:23,115.913475,28.66995,急变道,"方向角变化数为：36,超过30",江西,南昌,西湖,1-2级,多云,
2018-08-07 00:05:05,115.913476,28.671478000000004,急减速,"加速度达到-3.89m/s^2,超过-3m/s^2",江西,南昌,西湖,1-2级,多云,
2018-08-07 00:05:46,115.91349,28.671581,急加速,"加速度达到3.06m/s^2,超过3m/s^2",江西,南昌,西湖,1-2级,多云,
2018-08-07 00:05:46,115.91349,28.671581,长时间低速行驶,"长时间低速行驶时长为67秒,超过60秒",江西,南昌,西湖,1-2级,多云,
2018-08-07 00:07:01,115.913576,28.675998,急减速,"加速度达到-3.33m/s^2,超过-3m/s^2",江西,南昌,西湖,1-2级,多云,
2018-08-07 00:07:15,115.91358600000001,28.676235,急加速,"加速度达到3.06m/s^2,超过3m/s^2",江西,南昌,西湖,1-2级,多云,
2018-08-07 00:07:41,115.913655,28.677455,急减速,"加速度达到-3.61m/s^2,超过-3m/s^2",江西,南昌,东湖,1-2级,多云,
2018-08-07 00:07:56,115.913381,28.677545000000002,急加速,"加速度达到3.33m/s^2,超过3m/s^2",江西,南昌,东湖,1-2级,多云,
2018-08-07 00:08:28,115.911501,28.677556,急减速,"加速度达到-3.06m/s^2,超过-3m/s^2",江西,南昌,东湖,1-2级,多云,
2018-08-07 00:09:24,115.91104299999999,28.677415000000003,急加速,"加速度达到3.06m/s^2,超过3m/s^2",江西,南昌,东湖,1-2级,多云,
2018-08-07 00:09:54,115.909345,28.677343,急减速,"加速度达到-3.89m/s^2,超过-3m/s^2",江西,南昌,东湖,1-2级,多云,
2018-08-07 00:10:39,115.9089,28.677265000000002,急减速,"加速度达到-3.06m/s^2,超过-3m/s^2",江西,南昌,东湖,1-2级,多云,
2018-08-07 00:10:40,115.90888999999999,28.677251000000002,急变道,"方向角变化数为：38,超过30",江西,南昌,东湖,1-2级,多云,
2018-08-07 00:10:41,115.908898,28.677222999999998,急变道,"方向角变化数为：85,超过30",江西,南昌,东湖,1-2级,多云,
2018-08-07 00:10:43,115.90895,28.677184999999998,急变道,"方向角变化数为：174,超过30",江西,南昌,东湖,1-2级,多云,
2018-08-07 00:10:44,115.90898100000001,28.67717,急加速,"加速度达到3.89m/s^2,超过3m/s^2",江西,南昌,东湖,1-2级,多云,
2018-08-07 00:10:47,115.90908,28.677148,急变道,"方向角变化数为：40,超过30",江西,南昌,东湖,1-2级,多云,
2018-08-07 00:11:16,115.910845,28.677346000000004,急减速,"加速度达到-3.89m/s^2,超过-3m/s^2",江西,南昌,东湖,1-2级,多云,
2018-08-07 00:11:26,115.910968,28.677356,急加速,"加速度达到3.06m/s^2,超过3m/s^2",江西,南昌,东湖,1-2级,多云,
2018-08-07 00:13:19,115.922075,28.677431,急减速,"加速度达到-3.61m/s^2,超过-3m/s^2",江西,南昌,东湖,1-2级,多云,
2018-08-07 00:14:00,115.922178,28.677438000000002,急加速,"加速度达到3.33m/s^2,超过3m/s^2",江西,南昌,东湖,1-2级,多云,
2018-08-07 00:15:07,115.92668300000001,28.677476000000002,急减速,"加速度达到-3.61m/s^2,超过-3m/s^2",江西,南昌,青山湖,1-2级,多云,
2018-08-07 00:16:32,115.933925,28.677538000000002,急减速,"加速度达到-4.72m/s^2,超过-3m/s^2",江西,南昌,青山湖,1-2级,多云,
2018-08-07 00:16:56,115.934023,28.677536,急加速,"加速度达到3.06m/s^2,超过3m/s^2",江西,南昌,青山湖,1-2级,多云,
2018-08-07 00:17:14,115.93488500000001,28.677495,急减速,"加速度达到-3.33m/s^2,超过-3m/s^2",江西,南昌,青山湖,1-2级,多云,
2018-08-07 00:18:59,115.935005,28.677509999999998,长时间低速行驶,"长时间低速行驶时长为73秒,超过60秒",江西,南昌,青山湖,1-2级,多云,
2018-08-07 00:20:12,115.93932,28.677563,急减速,"加速度达到-3.06m/s^2,超过-3m/s^2",江西,南昌,青山湖,1-2级,多云,
2018-08-07 00:20:21,115.939495,28.677565,急加速,"加速度达到3.06m/s^2,超过3m/s^2",江西,南昌,青山湖,1-2级,多云,
2018-08-07 00:21:53,115.943261,28.677521000000002,急加速,"加速度达到3.06m/s^2,超过3m/s^2",江西,南昌,青山湖,1-2级,多云,
2018-08-07 00:22:00,115.943506,28.6775,急减速,"加速度达到-3.33m/s^2,超过-3m/s^2",江西,南昌,青山湖,1-2级,多云,
2018-08-07 00:22:14,115.94379099999999,28.677495,急加速,"加速度达到3.06m/s^2,超过3m/s^2",江西,南昌,青山湖,1-2级,多云,
2018-08-07 00:25:15,115.955105,28.677558,急减速,"加速度达到-4.17m/s^2,超过-3m/s^2",江西,南昌,青山湖,1-2级,多云,
2018-08-07 00:27:13,115.95521799999999,28.67757000000001,急加速,"加速度达到3.33m/s^2,超过3m/s^2",江西,南昌,青山湖,1-2级,多云,
2018-08-07 00:28:42,115.961858,28.67758,急减速,"加速度达到-3.06m/s^2,超过-3m/s^2",江西,南昌,青山湖,1-2级,多云,
2018-08-07 00:34:17,115.98613999999999,28.677706,长时间低速行驶,"长时间低速行驶时长为108秒,超过60秒",江西,南昌,南昌,1-2级,多云,
2018-08-07 00:36:05,115.991946,28.677818,急减速,"加速度达到-3.33m/s^2,超过-3m/s^2",江西,南昌,南昌,1-2级,多云,
2018-08-07 00:36:21,115.992283,28.677831,急加速,"加速度达到3.33m/s^2,超过3m/s^2",江西,南昌,南昌,1-2级,多云,
2018-08-07 00:36:33,115.99276599999999,28.677833000000003,急减速,"加速度达到-3.06m/s^2,超过-3m/s^2",江西,南昌,南昌,1-2级,多云,
2018-08-07 00:38:10,115.99309299999999,28.678153000000002,急加速,"加速度达到3.06m/s^2,超过3m/s^2",江西,南昌,南昌,1-2级,多云,
2018-08-07 00:38:12,115.993078,28.678201,急减速,"加速度达到-3.33m/s^2,超过-3m/s^2",江西,南昌,南昌,1-2级,多云,
2018-08-07 00:38:12,115.993078,28.678201,超长怠速,"超长怠速时长为801秒,超过120秒",江西,南昌,南昌,1-2级,多云,
2018-08-07 00:38:15,115.99301299999999,28.678231,急变道,"方向角变化数为：45,超过30",江西,南昌,南昌,1-2级,多云,
2018-08-07 00:51:33,115.992531,28.678115000000002,急加速,"加速度达到3.33m/s^2,超过3m/s^2",江西,南昌,南昌,1-2级,多云,
2018-08-07 00:52:39,115.988226,28.678151,急减速,"加速度达到-3.06m/s^2,超过-3m/s^2",江西,南昌,南昌,1-2级,多云,
2018-08-07 00:52:39,115.988226,28.678151,超长怠速,"超长怠速时长为411秒,超过120秒",江西,南昌,南昌,1-2级,多云,
2018-08-07 00:59:30,115.98793500000001,28.678138,急加速,"加速度达到3.06m/s^2,超过3m/s^2",江西,南昌,南昌,1-2级,多云,
2018-08-07 01:02:09,115.964913,28.677765,急减速,"加速度达到-3.89m/s^2,超过-3m/s^2",江西,南昌,青山湖,1-2级,多云,
2018-08-07 01:02:34,115.96465500000001,28.677743,急加速,"加速度达到3.06m/s^2,超过3m/s^2",江西,南昌,青山湖,1-2级,多云,
2018-08-07 01:02:44,115.964226,28.67774600000001,急减速,"加速度达到-3.06m/s^2,超过-3m/s^2",江西,南昌,青山湖,1-2级,多云,
2018-08-07 01:03:05,115.963558,28.677740000000004,急减速,"加速度达到-3.33m/s^2,超过-3m/s^2",江西,南昌,青山湖,1-2级,多云,
2018-08-07 01:07:06,115.95568,28.684123,急减速,"加速度达到-3.06m/s^2,超过-3m/s^2",江西,南昌,青山湖,1-2级,多云,
2018-08-07 01:09:00,115.95564499999999,28.684578000000002,急加速,"加速度达到3.33m/s^2,超过3m/s^2",江西,南昌,青山湖,1-2级,多云,
2018-08-07 01:09:08,115.955653,28.68487,急减速,"加速度达到-3.61m/s^2,超过-3m/s^2",江西,南昌,青山湖,1-2级,多云,
2018-08-07 01:09:09,115.95565500000001,28.68489000000001,急加速,"加速度达到3.06m/s^2,超过3m/s^2",江西,南昌,青山湖,1-2级,多云,
2018-08-07 01:10:37,115.949546,28.685038,急加速,"加速度达到3.33m/s^2,超过3m/s^2",江西,南昌,青山湖,1-2级,多云,
2018-08-07 01:10:54,115.948448,28.6851,急减速,"加速度达到-4.17m/s^2,超过-3m/s^2",江西,南昌,青山湖,1-2级,多云,
2018-08-07 01:11:10,115.948343,28.685115000000003,急加速,"加速度达到3.61m/s^2,超过3m/s^2",江西,南昌,青山湖,1-2级,多云,
2018-08-07 01:11:50,115.944701,28.685118,急减速,"加速度达到-3.06m/s^2,超过-3m/s^2",江西,南昌,青山湖,1-2级,多云,
2018-08-07 01:13:23,115.94461499999998,28.685135,急加速,"加速度达到3.33m/s^2,超过3m/s^2",江西,南昌,青山湖,1-2级,多云,
2018-08-07 01:14:52,115.937703,28.685126,急减速,"加速度达到-3.33m/s^2,超过-3m/s^2",江西,南昌,青山湖,1-2级,多云,
2018-08-07 01:15:08,115.937445,28.685115000000003,急加速,"加速度达到3.06m/s^2,超过3m/s^2",江西,南昌,青山湖,1-2级,多云,
2018-08-07 01:15:29,115.93614,28.685109999999998,急减速,"加速度达到-3.33m/s^2,超过-3m/s^2",江西,南昌,青山湖,1-2级,多云,
2018-08-07 01:15:29,115.93614,28.685109999999998,超长怠速,"超长怠速时长为132秒,超过120秒",江西,南昌,青山湖,1-2级,多云,
2018-08-07 01:17:41,115.936081,28.68508,急加速,"加速度达到3.06m/s^2,超过3m/s^2",江西,南昌,青山湖,1-2级,多云,
2018-08-07 01:18:18,115.932803,28.685113,急减速,"加速度达到-3.06m/s^2,超过-3m/s^2",江西,南昌,青山湖,1-2级,多云,
2018-08-07 01:18:26,115.932725,28.685101,急变道,"方向角变化数为：44,超过30",江西,南昌,青山湖,1-2级,多云,
2018-08-07 01:18:57,115.93066100000001,28.685108000000003,急减速,"加速度达到-3.61m/s^2,超过-3m/s^2",江西,南昌,青山湖,1-2级,多云,
2018-08-07 01:19:55,115.930598,28.685108000000003,急加速,"加速度达到3.33m/s^2,超过3m/s^2",江西,南昌,青山湖,1-2级,多云,
2018-08-07 01:21:22,115.925058,28.685834999999997,急加速,"加速度达到3.33m/s^2,超过3m/s^2",江西,南昌,青山湖,1-2级,多云,
2018-08-07 01:22:06,115.922205,28.687626,急减速,"加速度达到-3.33m/s^2,超过-3m/s^2",江西,南昌,青山湖,1-2级,多云,
2018-08-07 01:22:07,115.92218500000001,28.687640999999996,急减速,"加速度达到-3.89m/s^2,超过-3m/s^2",江西,南昌,青山湖,1-2级,多云,
2018-08-07 01:22:46,115.922073,28.68774,急加速,"加速度达到3.06m/s^2,超过3m/s^2",江西,南昌,东湖,1-2级,多云,
2018-08-07 01:23:52,115.921295,28.691129999999998,急减速,"加速度达到-3.89m/s^2,超过-3m/s^2",江西,南昌,东湖,1-2级,多云,
2018-08-07 01:23:52,115.921295,28.691129999999998,超长怠速,"超长怠速时长为122秒,超过120秒",江西,南昌,东湖,1-2级,多云,
2018-08-07 01:25:54,115.92126499999999,28.691246000000003,急加速,"加速度达到3.61m/s^2,超过3m/s^2",江西,南昌,东湖,1-2级,多云,
2018-08-07 01:26:54,115.91988300000001,28.69486,急减速,"加速度达到-3.33m/s^2,超过-3m/s^2",江西,南昌,东湖,1-2级,多云,
2018-08-07 01:26:58,115.91981499999999,28.694931,急加速,"加速度达到3.06m/s^2,超过3m/s^2",江西,南昌,东湖,1-2级,多云,
2018-08-07 01:26:58,115.91981499999999,28.694931,长时间低速行驶,"长时间低速行驶时长为75秒,超过60秒",江西,南昌,东湖,1-2级,多云,
2018-08-07 01:28:13,115.917875,28.697976,急减速,"加速度达到-3.06m/s^2,超过-3m/s^2",江西,南昌,东湖,1-2级,多云,
2018-08-07 01:28:20,115.9178,28.698121,急加速,"加速度达到3.06m/s^2,超过3m/s^2",江西,南昌,东湖,1-2级,多云,
2018-08-07 01:28:26,115.917731,28.698283,急减速,"加速度达到-3.06m/s^2,超过-3m/s^2",江西,南昌,东湖,1-2级,多云,
2018-08-07 01:28:39,115.91763799999998,28.698573,急加速,"加速度达到3.06m/s^2,超过3m/s^2",江西,南昌,东湖,1-2级,多云,
2018-08-07 01:28:41,115.91762299999999,28.698629999999998,急减速,"加速度达到-3.06m/s^2,超过-3m/s^2",江西,南昌,东湖,1-2级,多云,
2018-08-07 01:28:42,115.91761499999998,28.698658000000002,急加速,"加速度达到3.06m/s^2,超过3m/s^2",江西,南昌,东湖,1-2级,多云,
2018-08-07 01:29:01,115.91754099999999,28.699085999999998,急加速,"加速度达到3.33m/s^2,超过3m/s^2",江西,南昌,东湖,1-2级,多云,
2018-08-07 01:29:01,115.91754099999999,28.699085999999998,长时间低速行驶,"长时间低速行驶时长为88秒,超过60秒",江西,南昌,东湖,1-2级,多云,
2018-08-07 01:30:31,115.916983,28.702456,急加速,"加速度达到3.06m/s^2,超过3m/s^2",江西,南昌,东湖,1-2级,多云,
2018-08-07 01:31:02,115.9169,28.703845,急减速,"加速度达到-3.06m/s^2,超过-3m/s^2",江西,南昌,东湖,1-2级,多云,
2018-08-07 01:31:02,115.9169,28.703845,超长怠速,"超长怠速时长为954秒,超过120秒",江西,南昌,东湖,1-2级,多云,
2018-08-07 01:46:56,115.91683300000001,28.703885999999997,急加速,"加速度达到3.06m/s^2,超过3m/s^2",江西,南昌,东湖,1-2级,多云,
2018-08-07 01:46:56,115.91683300000001,28.703885999999997,长时间低速行驶,"长时间低速行驶时长为82秒,超过60秒",江西,南昌,东湖,1-2级,多云,
2018-08-07 01:48:18,115.916,28.707365999999997,急减速,"加速度达到-3.61m/s^2,超过-3m/s^2",江西,南昌,东湖,1-2级,多云,
2018-08-07 01:48:57,115.915875,28.707559999999997,急加速,"加速度达到3.06m/s^2,超过3m/s^2",江西,南昌,东湖,1-2级,多云,
2018-08-07 01:52:47,115.92727,28.717543,长时间低速行驶,"长时间低速行驶时长为102秒,超过60秒",江西,南昌,青山湖,1-2级,多云,
2018-08-07 01:54:29,115.92746299999999,28.720863,急减速,"加速度达到-3.33m/s^2,超过-3m/s^2",江西,南昌,东湖,1-2级,多云,
2018-08-07 01:54:29,115.92746299999999,28.720863,超长怠速,"超长怠速时长为504秒,超过120秒",江西,南昌,东湖,1-2级,多云,
2018-08-07 02:02:28,115.92755600000001,28.720943,急变道,"方向角变化数为：80,超过30",江西,南昌,东湖,1-2级,多云,
2018-08-07 02:02:53,115.92806100000001,28.721046,急加速,"加速度达到3.06m/s^2,超过3m/s^2",江西,南昌,东湖,1-2级,多云,
2018-08-07 02:03:00,115.928195,28.720886,急减速,"加速度达到-3.06m/s^2,超过-3m/s^2",江西,南昌,东湖,1-2级,多云,
2018-08-07 02:03:06,115.92833300000001,28.72082,急加速,"加速度达到3.33m/s^2,超过3m/s^2",江西,南昌,东湖,1-2级,多云,
2018-08-07 02:03:29,115.92916000000001,28.720236,急减速,"加速度达到-3.33m/s^2,超过-3m/s^2",江西,南昌,青山湖,1-2级,多云,
2018-08-07 02:03:38,115.929103,28.720115000000003,长时间低速行驶,"长时间低速行驶时长为150秒,超过60秒",江西,南昌,青山湖,1-2级,多云,
2018-08-07 02:06:30,115.92345,28.712861,长时间低速行驶,"长时间低速行驶时长为118秒,超过60秒",江西,南昌,东湖,1-2级,多云,
2018-08-07 02:08:59,115.91566100000001,28.70855,急减速,"加速度达到-4.44m/s^2,超过-3m/s^2",江西,南昌,东湖,1-2级,多云,
2018-08-07 02:10:11,115.915396,28.707628000000003,急减速,"加速度达到-3.06m/s^2,超过-3m/s^2",江西,南昌,东湖,1-2级,多云,
2018-08-07 02:10:32,115.91548,28.707497999999998,急加速,"加速度达到3.33m/s^2,超过3m/s^2",江西,南昌,东湖,1-2级,多云,
2018-08-07 02:10:32,115.91548,28.707497999999998,长时间低速行驶,"长时间低速行驶时长为93秒,超过60秒",江西,南昌,东湖,1-2级,多云,
2018-08-07 02:12:29,115.916675,28.701013,急减速,"加速度达到-3.06m/s^2,超过-3m/s^2",江西,南昌,东湖,1-2级,多云,
2018-08-07 02:12:30,115.91668100000001,28.700988,急加速,"加速度达到3.06m/s^2,超过3m/s^2",江西,南昌,东湖,1-2级,多云,
2018-08-07 02:12:31,115.916688,28.700965999999998,急减速,"加速度达到-3.06m/s^2,超过-3m/s^2",江西,南昌,东湖,1-2级,多云,
2018-08-07 02:13:00,115.916991,28.700426,急加速,"加速度达到3.06m/s^2,超过3m/s^2",江西,南昌,东湖,1-2级,多云,
2018-08-07 02:13:00,115.916991,28.700426,长时间低速行驶,"长时间低速行驶时长为63秒,超过60秒",江西,南昌,东湖,1-2级,多云,
2018-08-07 02:14:03,115.91738500000001,28.698142999999998,急减速,"加速度达到-4.44m/s^2,超过-3m/s^2",江西,南昌,东湖,1-2级,多云,
2018-08-07 02:14:12,115.917396,28.698088000000002,急加速,"加速度达到3.06m/s^2,超过3m/s^2",江西,南昌,东湖,1-2级,多云,
2018-08-07 02:14:42,115.918228,28.697215000000003,急减速,"加速度达到-3.06m/s^2,超过-3m/s^2",江西,南昌,东湖,1-2级,多云,
2018-08-07 02:15:15,115.917873,28.698003000000003,急减速,"加速度达到-3.61m/s^2,超过-3m/s^2",江西,南昌,东湖,1-2级,多云,
2018-08-07 02:16:15,115.91764599999999,28.698681,急减速,"加速度达到-3.06m/s^2,超过-3m/s^2",江西,南昌,东湖,1-2级,多云,
2018-08-07 02:17:04,115.917285,28.700588,急减速,"加速度达到-3.61m/s^2,超过-3m/s^2",江西,南昌,东湖,1-2级,多云,
2018-08-07 02:17:05,115.917286,28.700618,急加速,"加速度达到3.06m/s^2,超过3m/s^2",江西,南昌,东湖,1-2级,多云,
2018-08-07 02:17:15,115.91724099999999,28.700953000000002,急加速,"加速度达到3.61m/s^2,超过3m/s^2",江西,南昌,东湖,1-2级,多云,
2018-08-07 02:17:33,115.917143,28.701315,急加速,"加速度达到3.33m/s^2,超过3m/s^2",江西,南昌,东湖,1-2级,多云,
2018-08-07 02:17:38,115.917068,28.70148,急减速,"加速度达到-3.06m/s^2,超过-3m/s^2",江西,南昌,东湖,1-2级,多云,
2018-08-07 02:18:30,115.916941,28.703696,急减速,"加速度达到-3.33m/s^2,超过-3m/s^2",江西,南昌,东湖,1-2级,多云,
2018-08-07 02:18:30,115.916941,28.703696,超长怠速,"超长怠速时长为4746秒,超过120秒",江西,南昌,东湖,1-2级,多云,
2018-08-07 02:18:41,115.91693500000001,28.703740000000003,急变道,"方向角变化数为：177,超过30",江西,南昌,东湖,1-2级,多云,
2018-08-07 03:34:43,115.91688300000001,28.703643,怠速预热,"怠速预热时长为173秒,超过120秒",江西,南昌,东湖,1-2级,多云,
2018-08-07 03:37:33,115.916903,28.703713,急变道,"方向角变化数为：172,超过30",江西,南昌,东湖,1-2级,多云,
2018-08-07 03:37:36,115.916896,28.703793,急加速,"加速度达到3.06m/s^2,超过3m/s^2",江西,南昌,东湖,1-2级,多云,
2018-08-07 03:37:36,115.916896,28.703793,长时间低速行驶,"长时间低速行驶时长为68秒,超过60秒",江西,南昌,东湖,1-2级,多云,
2018-08-07 03:38:44,115.91633799999998,28.706592999999998,急减速,"加速度达到-3.06m/s^2,超过-3m/s^2",江西,南昌,东湖,1-2级,多云,
2018-08-07 03:40:19,115.916201,28.706840000000003,急加速,"加速度达到3.61m/s^2,超过3m/s^2",江西,南昌,东湖,1-2级,多云,
2018-08-07 03:40:50,115.91559099999999,28.708022999999997,超长怠速,"超长怠速时长为174秒,超过120秒",江西,南昌,东湖,1-2级,多云,
2018-08-07 03:43:44,115.915553,28.708122999999997,急加速,"加速度达到3.33m/s^2,超过3m/s^2",江西,南昌,东湖,1-2级,多云,
2018-08-07 03:43:55,115.915226,28.708138,急变道,"方向角变化数为：33,超过30",江西,南昌,东湖,1-2级,多云,
2018-08-07 03:45:57,115.917198,28.699321,长时间低速行驶,"长时间低速行驶时长为108秒,超过60秒",江西,南昌,东湖,1-2级,多云,
2018-08-07 03:48:11,115.920693,28.692118,急减速,"加速度达到-3.33m/s^2,超过-3m/s^2",江西,南昌,东湖,1-2级,多云,
2018-08-07 03:48:21,115.92073300000001,28.692025,急加速,"加速度达到3.33m/s^2,超过3m/s^2",江西,南昌,东湖,1-2级,多云,
2018-08-07 03:48:21,115.92073300000001,28.692025,长时间低速行驶,"长时间低速行驶时长为79秒,超过60秒",江西,南昌,东湖,1-2级,多云,
2018-08-07 03:49:40,115.92105500000001,28.688668,急减速,"加速度达到-3.06m/s^2,超过-3m/s^2",江西,南昌,东湖,1-2级,多云,
2018-08-07 03:49:40,115.92105500000001,28.688668,超长怠速,"超长怠速时长为128秒,超过120秒",江西,南昌,东湖,1-2级,多云,
2018-08-07 03:51:48,115.92110100000001,28.688551,急加速,"加速度达到3.06m/s^2,超过3m/s^2",江西,南昌,东湖,1-2级,多云,
2018-08-07 03:51:54,115.9211,28.688409999999998,急加速,"加速度达到3.33m/s^2,超过3m/s^2",江西,南昌,东湖,1-2级,多云,
2018-08-07 03:52:47,115.92415600000001,28.686228000000003,急减速,"加速度达到-3.06m/s^2,超过-3m/s^2",江西,南昌,青山湖,1-2级,多云,
2018-08-07 03:54:19,115.929648,28.68502800000001,急减速,"加速度达到-3.06m/s^2,超过-3m/s^2",江西,南昌,青山湖,1-2级,多云,
2018-08-07 03:54:46,115.930135,28.68502100000001,急加速,"加速度达到3.06m/s^2,超过3m/s^2",江西,南昌,青山湖,1-2级,多云,
2018-08-07 03:55:02,115.930866,28.685006,急减速,"加速度达到-3.06m/s^2,超过-3m/s^2",江西,南昌,青山湖,1-2级,多云,
2018-08-07 03:55:17,115.93104299999999,28.685006,急加速,"加速度达到3.06m/s^2,超过3m/s^2",江西,南昌,青山湖,1-2级,多云,
2018-08-07 03:56:17,115.93519599999999,28.685029999999998,急减速,"加速度达到-3.89m/s^2,超过-3m/s^2",江西,南昌,青山湖,1-2级,多云,
2018-08-07 03:57:50,115.935405,28.685038,急加速,"加速度达到3.33m/s^2,超过3m/s^2",江西,南昌,青山湖,1-2级,多云,
2018-08-07 03:59:07,115.943055,28.685106,急减速,"加速度达到-3.33m/s^2,超过-3m/s^2",江西,南昌,青山湖,1-2级,多云,
2018-08-07 03:59:38,115.94323500000002,28.68504,急加速,"加速度达到3.06m/s^2,超过3m/s^2",江西,南昌,青山湖,1-2级,多云,
2018-08-07 03:59:49,115.943725,28.685011,急减速,"加速度达到-4.44m/s^2,超过-3m/s^2",江西,南昌,青山湖,1-2级,多云,
2018-08-07 03:59:49,115.943725,28.685011,超长怠速,"超长怠速时长为126秒,超过120秒",江西,南昌,青山湖,1-2级,多云,
2018-08-07 04:01:55,115.943828,28.68507,急加速,"加速度达到3.06m/s^2,超过3m/s^2",江西,南昌,青山湖,1-2级,多云,
2018-08-07 04:02:35,115.947616,28.685086,急减速,"加速度达到-3.89m/s^2,超过-3m/s^2",江西,南昌,青山湖,1-2级,多云,
2018-08-07 04:03:02,115.94774,28.685115999999997,急加速,"加速度达到3.61m/s^2,超过3m/s^2",江西,南昌,青山湖,1-2级,多云,
2018-08-07 04:05:11,115.955546,28.678485,急减速,"加速度达到-3.89m/s^2,超过-3m/s^2",江西,南昌,青山湖,1-2级,多云,
2018-08-07 04:06:35,115.95634,28.677576000000002,急减速,"加速度达到-3.06m/s^2,超过-3m/s^2",江西,南昌,青山湖,1-2级,多云,
2018-08-07 04:06:54,115.956535,28.67757000000001,急加速,"加速度达到3.33m/s^2,超过3m/s^2",江西,南昌,青山湖,1-2级,多云,
2018-08-07 04:10:50,115.987338,28.677813,急减速,"加速度达到-3.06m/s^2,超过-3m/s^2",江西,南昌,南昌,1-2级,多云,
2018-08-07 04:11:02,115.987475,28.677825,急加速,"加速度达到3.06m/s^2,超过3m/s^2",江西,南昌,南昌,1-2级,多云,
2018-08-07 04:12:12,115.99205500000001,28.677868,急加速,"加速度达到3.06m/s^2,超过3m/s^2",江西,南昌,南昌,1-2级,多云,
2018-08-07 04:12:19,115.99233799999999,28.677881,急减速,"加速度达到-3.61m/s^2,超过-3m/s^2",江西,南昌,南昌,1-2级,多云,
2018-08-07 04:12:52,115.99251100000001,28.677875,急加速,"加速度达到3.33m/s^2,超过3m/s^2",江西,南昌,南昌,1-2级,多云,
2018-08-07 04:13:49,115.98808600000001,28.678198,急减速,"加速度达到-3.33m/s^2,超过-3m/s^2",江西,南昌,南昌,1-2级,多云,
2018-08-07 04:14:43,115.987893,28.678153000000002,急加速,"加速度达到3.33m/s^2,超过3m/s^2",江西,南昌,南昌,1-2级,多云,
2018-08-07 04:17:29,115.963148,28.677783,急减速,"加速度达到-3.61m/s^2,超过-3m/s^2",江西,南昌,青山湖,1-2级,多云,
2018-08-07 04:18:33,115.96309099999999,28.677756,急加速,"加速度达到3.61m/s^2,超过3m/s^2",江西,南昌,青山湖,1-2级,多云,
2018-08-07 04:19:42,115.95623799999998,28.677795,急减速,"加速度达到-3.89m/s^2,超过-3m/s^2",江西,南昌,青山湖,1-2级,多云,
2018-08-07 04:19:50,115.95611000000001,28.677796,急加速,"加速度达到3.89m/s^2,超过3m/s^2",江西,南昌,青山湖,1-2级,多云,
2018-08-07 04:23:36,115.93253500000002,28.677638,急减速,"加速度达到-3.06m/s^2,超过-3m/s^2",江西,南昌,青山湖,1-2级,多云,
2018-08-07 04:23:41,115.93238500000001,28.67762,急加速,"加速度达到3.61m/s^2,超过3m/s^2",江西,南昌,青山湖,1-2级,多云,
2018-08-07 04:28:01,115.911018,28.677375,急加速,"加速度达到3.33m/s^2,超过3m/s^2",江西,南昌,东湖,1-2级,多云,
2018-08-07 04:28:29,115.909076,28.677265999999996,急减速,"加速度达到-3.89m/s^2,超过-3m/s^2",江西,南昌,东湖,1-2级,多云,
2018-08-07 04:28:30,115.90907800000001,28.677255,急加速,"加速度达到3.61m/s^2,超过3m/s^2",江西,南昌,东湖,1-2级,多云,
2018-08-07 04:28:30,115.90907800000001,28.677255,急变道,"方向角变化数为：71,超过30",江西,南昌,东湖,1-2级,多云,
2018-08-07 04:28:31,115.90906000000001,28.677255,急减速,"加速度达到-3.61m/s^2,超过-3m/s^2",江西,南昌,东湖,1-2级,多云,
2018-08-07 04:28:32,115.90908799999998,28.677208,急变道,"方向角变化数为：179,超过30",江西,南昌,东湖,1-2级,多云,
2018-08-07 04:28:34,115.90911000000001,28.677141,急加速,"加速度达到5.28m/s^2,超过3m/s^2",江西,南昌,西湖,1-2级,多云,
2018-08-07 04:28:35,115.909136,28.677126,急变道,"方向角变化数为：37,超过30",江西,南昌,西湖,1-2级,多云,
2018-08-07 04:28:36,115.90916999999999,28.677131,急变道,"方向角变化数为：43,超过30",江西,南昌,西湖,1-2级,多云,
2018-08-07 04:29:00,115.91085600000001,28.677222999999998,急减速,"加速度达到-4.17m/s^2,超过-3m/s^2",江西,南昌,东湖,1-2级,多云,
2018-08-07 04:29:56,115.911083,28.677255,急加速,"加速度达到3.33m/s^2,超过3m/s^2",江西,南昌,东湖,1-2级,多云,
2018-08-07 04:31:01,115.913576,28.676031,急加速,"加速度达到3.61m/s^2,超过3m/s^2",江西,南昌,西湖,1-2级,多云,
2018-08-07 04:32:43,115.91207299999999,28.67005,超长怠速,"超长怠速时长为347秒,超过120秒",江西,南昌,西湖,1-2级,多云,
2018-08-07 04:33:44,115.91148799999999,28.669990000000002,急变道,"方向角变化数为：127,超过30",江西,南昌,西湖,1-2级,多云,
