bad_driving_time,bad_driving_lng,bad_driving_lat,bad_driving_name,bad_driving_info
2018-09-24 20:39:20,116.513718,27.624803000000004,急变道,"方向角变化数为：103,超过30"
2018-09-24 20:39:29,116.513478,27.624796000000003,急加速,"加速度达到3.06m/s^2,超过3m/s^2"
2018-09-24 20:39:29,116.513478,27.624796000000003,长时间低速行驶,"长时间低速行驶时长为97秒,超过60秒"
2018-09-24 20:41:27,116.507845,27.625205,急加速,"加速度达到3.33m/s^2,超过3m/s^2"
2018-09-24 20:41:59,116.507128,27.626463,急减速,"加速度达到-3.89m/s^2,超过-3m/s^2"
2018-09-24 20:42:11,116.507075,27.626451,急加速,"加速度达到3.06m/s^2,超过3m/s^2"
2018-09-24 20:48:10,116.490648,27.644358,急减速,"加速度达到-3.33m/s^2,超过-3m/s^2"
2018-09-24 20:48:23,116.490606,27.64431,急变道,"方向角变化数为：148,超过30"
2018-09-24 20:48:35,116.49066100000002,27.6443,急变道,"方向角变化数为：57,超过30"
2018-09-24 20:48:47,116.490871,27.644265,急加速,"加速度达到3.06m/s^2,超过3m/s^2"
2018-09-24 20:48:47,116.490871,27.644265,长时间低速行驶,"长时间低速行驶时长为84秒,超过60秒"
2018-09-24 20:50:26,116.49426499999998,27.640116,急减速,"加速度达到-3.06m/s^2,超过-3m/s^2"
2018-09-24 20:50:46,116.494273,27.640008,急加速,"加速度达到3.33m/s^2,超过3m/s^2"
2018-09-24 20:51:35,116.49517,27.637368,急减速,"加速度达到-3.06m/s^2,超过-3m/s^2"
2018-09-24 20:55:19,116.498345,27.629608,急加速,"加速度达到3.61m/s^2,超过3m/s^2"
2018-09-24 20:58:26,116.507548,27.625606,急减速,"加速度达到-3.33m/s^2,超过-3m/s^2"
2018-09-24 21:00:04,116.507658,27.625408,急加速,"加速度达到3.06m/s^2,超过3m/s^2"
2018-09-24 21:00:05,116.50767,27.625386,急减速,"加速度达到-3.06m/s^2,超过-3m/s^2"
2018-09-24 21:00:06,116.507693,27.625365,急加速,"加速度达到3.06m/s^2,超过3m/s^2"
2018-09-24 21:00:14,116.507861,27.625176,急减速,"加速度达到-3.33m/s^2,超过-3m/s^2"
2018-09-24 21:01:54,116.50798600000002,27.6251,急加速,"加速度达到3.06m/s^2,超过3m/s^2"
2018-09-24 21:02:02,116.508245,27.625006,急减速,"加速度达到-3.33m/s^2,超过-3m/s^2"
2018-09-24 21:02:46,116.50877,27.624936,急加速,"加速度达到3.61m/s^2,超过3m/s^2"
2018-09-24 21:03:33,116.51139,27.624885,急减速,"加速度达到-3.61m/s^2,超过-3m/s^2"
2018-09-24 21:03:48,116.511618,27.624826,急加速,"加速度达到3.06m/s^2,超过3m/s^2"
2018-09-24 21:04:28,116.5148,27.624946,长时间低速行驶,"长时间低速行驶时长为63秒,超过60秒"
2018-09-24 21:07:39,116.524521,27.628508,急加速,"加速度达到3.61m/s^2,超过3m/s^2"
2018-09-24 21:09:33,116.529595,27.632573,急减速,"加速度达到-3.89m/s^2,超过-3m/s^2"
2018-09-24 21:12:07,116.540965,27.634175,急减速,"加速度达到-3.06m/s^2,超过-3m/s^2"
2018-09-24 21:12:16,116.541111,27.634158000000006,急加速,"加速度达到3.06m/s^2,超过3m/s^2"
2018-09-24 21:14:06,116.5459,27.639126,急减速,"加速度达到-3.33m/s^2,超过-3m/s^2"
2018-09-24 21:14:18,116.545878,27.639366,急加速,"加速度达到3.33m/s^2,超过3m/s^2"
2018-09-24 21:16:33,116.551751,27.646355,急减速,"加速度达到-3.06m/s^2,超过-3m/s^2"
2018-09-24 21:16:35,116.551781,27.6464,急加速,"加速度达到3.06m/s^2,超过3m/s^2"
2018-09-24 21:21:45,116.56918600000002,27.658043,急减速,"加速度达到-3.61m/s^2,超过-3m/s^2"
2018-09-24 21:21:59,116.56916,27.65816,急加速,"加速度达到3.33m/s^2,超过3m/s^2"
2018-09-24 21:22:27,116.56856,27.659935,急减速,"加速度达到-3.61m/s^2,超过-3m/s^2"
2018-09-24 21:23:05,116.56853999999998,27.660020000000006,急加速,"加速度达到3.06m/s^2,超过3m/s^2"
2018-09-24 21:23:42,116.568356,27.661743,急减速,"加速度达到-3.06m/s^2,超过-3m/s^2"
2018-09-24 21:24:17,116.567288,27.662606,急加速,"加速度达到3.33m/s^2,超过3m/s^2"
2018-09-24 21:25:58,116.56168,27.670933,急减速,"加速度达到-3.61m/s^2,超过-3m/s^2"
2018-09-24 21:26:12,116.561616,27.67102,急加速,"加速度达到3.06m/s^2,超过3m/s^2"
2018-09-24 21:26:16,116.561555,27.671105,急加速,"加速度达到3.06m/s^2,超过3m/s^2"
2018-09-24 21:27:00,116.55837,27.672811,急减速,"加速度达到-3.06m/s^2,超过-3m/s^2"
2018-09-24 21:27:12,116.558275,27.672858,急加速,"加速度达到3.06m/s^2,超过3m/s^2"
2018-09-24 21:28:44,116.560111,27.682566,急减速,"加速度达到-3.61m/s^2,超过-3m/s^2"
2018-09-24 21:29:12,116.560148,27.682638,急加速,"加速度达到3.33m/s^2,超过3m/s^2"
2018-09-24 21:33:54,116.545265,27.714286,急减速,"加速度达到-3.89m/s^2,超过-3m/s^2"
2018-09-24 21:33:56,116.545281,27.714326,急加速,"加速度达到3.06m/s^2,超过3m/s^2"
2018-09-24 21:37:08,116.524498,27.728285,急减速,"加速度达到-4.17m/s^2,超过-3m/s^2"
2018-09-24 21:37:14,116.524356,27.728575,急减速,"加速度达到-3.33m/s^2,超过-3m/s^2"
2018-09-24 21:37:40,116.52431,27.728636,急加速,"加速度达到3.33m/s^2,超过3m/s^2"
2018-09-24 21:38:12,116.523291,27.730766,急减速,"加速度达到-3.06m/s^2,超过-3m/s^2"
2018-09-24 21:38:24,116.523251,27.730831,急加速,"加速度达到3.06m/s^2,超过3m/s^2"
2018-09-24 21:39:19,116.520648,27.735786,急减速,"加速度达到-4.72m/s^2,超过-3m/s^2"
2018-09-24 21:40:22,116.518965,27.73941,急减速,"加速度达到-4.44m/s^2,超过-3m/s^2"
2018-09-24 21:40:54,116.51893,27.739478,急加速,"加速度达到3.06m/s^2,超过3m/s^2"
2018-09-24 21:41:28,116.517988,27.741708000000006,急减速,"加速度达到-3.06m/s^2,超过-3m/s^2"
2018-09-24 21:42:39,116.517956,27.74181,急加速,"加速度达到3.33m/s^2,超过3m/s^2"
2018-09-24 21:43:52,116.51467,27.749681,急减速,"加速度达到-4.44m/s^2,超过-3m/s^2"
2018-09-24 21:44:24,116.51461100000002,27.749808,急加速,"加速度达到3.33m/s^2,超过3m/s^2"
2018-09-24 21:45:22,116.513541,27.752821,急加速,"加速度达到3.33m/s^2,超过3m/s^2"
2018-09-24 21:46:34,116.511218,27.75795,急减速,"加速度达到-3.33m/s^2,超过-3m/s^2"
2018-09-24 21:47:51,116.511136,27.758075,急加速,"加速度达到3.33m/s^2,超过3m/s^2"
2018-09-24 21:54:58,116.472215,27.804105,急减速,"加速度达到-4.72m/s^2,超过-3m/s^2"
2018-09-24 21:54:59,116.472198,27.804125,急减速,"加速度达到-5.0m/s^2,超过-3m/s^2"
2018-09-24 21:58:44,116.455546,27.824386,急减速,"加速度达到-3.61m/s^2,超过-3m/s^2"
2018-09-24 21:58:56,116.455528,27.824471000000006,急加速,"加速度达到3.33m/s^2,超过3m/s^2"
2018-09-24 21:59:38,116.454363,27.827363,急减速,"加速度达到-4.17m/s^2,超过-3m/s^2"
2018-09-24 21:59:38,116.454363,27.827363,超长怠速,"超长怠速时长为199秒,超过120秒"
2018-09-24 22:02:57,116.454308,27.827445,急加速,"加速度达到3.06m/s^2,超过3m/s^2"
2018-09-24 22:21:38,116.39279,27.9444,急减速,"加速度达到-3.06m/s^2,超过-3m/s^2"
2018-09-24 22:22:50,116.392725,27.944471000000004,急加速,"加速度达到3.06m/s^2,超过3m/s^2"
2018-09-24 22:23:56,116.388335,27.94975,急减速,"加速度达到-3.61m/s^2,超过-3m/s^2"
2018-09-24 22:28:27,116.379485,27.963795,急减速,"加速度达到-3.06m/s^2,超过-3m/s^2"
2018-09-24 22:29:12,116.379438,27.963815000000004,急变道,"方向角变化数为：38,超过30"
2018-09-24 22:29:15,116.379385,27.963858,急加速,"加速度达到3.06m/s^2,超过3m/s^2"
2018-09-24 22:29:18,116.379343,27.963938,急减速,"加速度达到-3.33m/s^2,超过-3m/s^2"
2018-09-24 22:29:40,116.379253,27.964061,急加速,"加速度达到3.06m/s^2,超过3m/s^2"
2018-09-24 22:30:46,116.376,27.96865,急减速,"加速度达到-4.17m/s^2,超过-3m/s^2"
2018-09-24 22:30:58,116.37591299999998,27.96864,急加速,"加速度达到3.06m/s^2,超过3m/s^2"
2018-09-24 22:32:43,116.362991,27.968733,急减速,"加速度达到-4.72m/s^2,超过-3m/s^2"
2018-09-24 22:32:58,116.362908,27.968735,急加速,"加速度达到3.06m/s^2,超过3m/s^2"
2018-09-24 22:33:55,116.357828,27.96867,急减速,"加速度达到-3.33m/s^2,超过-3m/s^2"
2018-09-24 22:34:54,116.357701,27.968671,急加速,"加速度达到3.33m/s^2,超过3m/s^2"
2018-09-24 22:35:22,116.355841,27.968626,急减速,"加速度达到-3.06m/s^2,超过-3m/s^2"
2018-09-24 22:35:46,116.355708,27.968628,急加速,"加速度达到3.33m/s^2,超过3m/s^2"
2018-09-24 22:36:43,116.350851,27.96864,急减速,"加速度达到-3.61m/s^2,超过-3m/s^2"
2018-09-24 22:36:48,116.350741,27.968671,急加速,"加速度达到3.33m/s^2,超过3m/s^2"
2018-09-24 22:37:44,116.350533,27.973195,急减速,"加速度达到-3.61m/s^2,超过-3m/s^2"
2018-09-24 22:38:11,116.350533,27.973281,急加速,"加速度达到3.33m/s^2,超过3m/s^2"
2018-09-24 22:38:35,116.350486,27.97475,急减速,"加速度达到-3.61m/s^2,超过-3m/s^2"
2018-09-24 22:39:26,116.350463,27.974873,急加速,"加速度达到3.06m/s^2,超过3m/s^2"
2018-09-24 22:40:04,116.34812,27.975228,急减速,"加速度达到-3.06m/s^2,超过-3m/s^2"
2018-09-24 22:41:42,116.342785,27.972498,急减速,"加速度达到-3.33m/s^2,超过-3m/s^2"
2018-09-24 22:42:53,116.340633,27.970976,急减速,"加速度达到-3.06m/s^2,超过-3m/s^2"
2018-09-24 22:43:21,116.34058799999998,27.970893,急加速,"加速度达到3.06m/s^2,超过3m/s^2"
2018-09-24 23:00:01,116.300846,27.945378,急减速,"加速度达到-13.33m/s^2,超过-3m/s^2"
2018-09-24 23:00:01,116.300846,27.945378,急变道,"方向角变化数为：96,超过30"
2018-09-24 23:00:28,116.301066,27.945211,急加速,"加速度达到3.06m/s^2,超过3m/s^2"
2018-09-24 23:00:50,116.302151,27.945408,急加速,"加速度达到3.06m/s^2,超过3m/s^2"
2018-09-24 23:01:15,116.303351,27.94564,急减速,"加速度达到-3.06m/s^2,超过-3m/s^2"
2018-09-24 23:02:18,116.307001,27.946395000000006,急减速,"加速度达到-3.06m/s^2,超过-3m/s^2"
2018-09-24 23:02:22,116.307105,27.946446,急加速,"加速度达到3.33m/s^2,超过3m/s^2"
2018-09-24 23:02:38,116.30767,27.946733,急减速,"加速度达到-3.33m/s^2,超过-3m/s^2"
2018-09-24 23:02:38,116.30767,27.946733,超长怠速,"超长怠速时长为1051秒,超过120秒"
2018-09-24 23:20:51,116.350346,27.973275,急减速,"加速度达到-3.89m/s^2,超过-3m/s^2"
2018-09-24 23:21:02,116.350355,27.973193,急加速,"加速度达到3.06m/s^2,超过3m/s^2"
2018-09-24 23:21:59,116.350385,27.968965,急减速,"加速度达到-3.61m/s^2,超过-3m/s^2"
2018-09-24 23:22:16,116.350473,27.968666,急加速,"加速度达到3.06m/s^2,超过3m/s^2"
2018-09-24 23:22:26,116.350871,27.968586,急减速,"加速度达到-3.61m/s^2,超过-3m/s^2"
2018-09-24 23:23:29,116.354785,27.96857,急减速,"加速度达到-3.61m/s^2,超过-3m/s^2"
2018-09-24 23:23:52,116.354983,27.968566,急加速,"加速度达到3.06m/s^2,超过3m/s^2"
2018-09-24 23:24:38,116.358026,27.968585,急减速,"加速度达到-3.61m/s^2,超过-3m/s^2"
2018-09-24 23:25:14,116.358113,27.968596,急加速,"加速度达到3.06m/s^2,超过3m/s^2"
2018-09-24 23:25:42,116.360156,27.968666,急减速,"加速度达到-4.17m/s^2,超过-3m/s^2"
2018-09-24 23:25:56,116.360291,27.968651,急加速,"加速度达到3.06m/s^2,超过3m/s^2"
2018-09-24 23:27:23,116.366231,27.968778000000004,急减速,"加速度达到-3.06m/s^2,超过-3m/s^2"
2018-09-24 23:27:31,116.366376,27.968826,急加速,"加速度达到3.06m/s^2,超过3m/s^2"
2018-09-24 23:27:36,116.366426,27.968940000000003,急加速,"加速度达到3.06m/s^2,超过3m/s^2"
2018-09-24 23:28:33,116.366403,27.972341,急减速,"加速度达到-3.61m/s^2,超过-3m/s^2"
2018-09-24 23:28:41,116.366405,27.972633,急减速,"加速度达到-3.89m/s^2,超过-3m/s^2"
2018-09-24 23:28:59,116.36646,27.972798,急加速,"加速度达到3.33m/s^2,超过3m/s^2"
2018-09-24 23:29:17,116.366453,27.973703000000004,急减速,"加速度达到-3.61m/s^2,超过-3m/s^2"
2018-09-24 23:29:27,116.36644,27.973793,急加速,"加速度达到3.06m/s^2,超过3m/s^2"
2018-09-24 23:29:48,116.366501,27.974736,急减速,"加速度达到-3.06m/s^2,超过-3m/s^2"
2018-09-24 23:29:56,116.36667,27.974831,急加速,"加速度达到3.33m/s^2,超过3m/s^2"
2018-09-24 23:32:27,116.375938,27.969493,急减速,"加速度达到-3.33m/s^2,超过-3m/s^2"
2018-09-24 23:32:33,116.375976,27.969421,急加速,"加速度达到3.06m/s^2,超过3m/s^2"
2018-09-24 23:35:54,116.380165,27.962391,急减速,"加速度达到-3.61m/s^2,超过-3m/s^2"
2018-09-24 23:36:12,116.380218,27.962321000000006,急加速,"加速度达到3.06m/s^2,超过3m/s^2"
2018-09-24 23:40:54,116.395731,27.940796,急减速,"加速度达到-3.06m/s^2,超过-3m/s^2"
2018-09-24 23:40:56,116.395768,27.940756,急加速,"加速度达到3.06m/s^2,超过3m/s^2"
2018-09-24 23:43:31,116.403305,27.931075,急减速,"加速度达到-3.06m/s^2,超过-3m/s^2"
2018-09-24 23:43:34,116.403346,27.93101,急加速,"加速度达到3.33m/s^2,超过3m/s^2"
2018-09-24 23:43:37,116.40339099999998,27.930933000000003,急减速,"加速度达到-3.33m/s^2,超过-3m/s^2"
2018-09-24 23:43:42,116.403446,27.930836,急加速,"加速度达到3.06m/s^2,超过3m/s^2"
2018-09-24 23:44:08,116.403906,27.929773,急减速,"加速度达到-3.06m/s^2,超过-3m/s^2"
2018-09-24 23:44:22,116.40387,27.92968,急变道,"方向角变化数为：33,超过30"
2018-09-24 23:44:25,116.403893,27.929615,急加速,"加速度达到3.33m/s^2,超过3m/s^2"
2018-09-24 23:59:58,116.454323,27.827305,超长怠速,"超长怠速时长为1203秒,超过120秒"
2018-09-25 00:20:01,116.515663,27.747246,急加速,"加速度达到18.33m/s^2,超过3m/s^2"
2018-09-25 00:21:02,116.519235,27.738591,急减速,"加速度达到-4.44m/s^2,超过-3m/s^2"
2018-09-25 00:21:16,116.519275,27.738516,急加速,"加速度达到3.33m/s^2,超过3m/s^2"
2018-09-25 00:30:18,116.559241,27.679493,急减速,"加速度达到-3.33m/s^2,超过-3m/s^2"
2018-09-25 00:30:49,116.559236,27.679401,急加速,"加速度达到3.06m/s^2,超过3m/s^2"
2018-09-25 00:34:10,116.568396,27.661538,急减速,"加速度达到-4.17m/s^2,超过-3m/s^2"
2018-09-25 00:34:55,116.568451,27.66135,急加速,"加速度达到3.06m/s^2,超过3m/s^2"
2018-09-25 00:35:41,116.569225,27.657986,急减速,"加速度达到-3.06m/s^2,超过-3m/s^2"
2018-09-25 00:35:51,116.569243,27.657921,急加速,"加速度达到3.06m/s^2,超过3m/s^2"
2018-09-25 00:38:09,116.561778,27.6514,急减速,"加速度达到-3.89m/s^2,超过-3m/s^2"
2018-09-25 00:38:38,116.56168999999998,27.651358,急加速,"加速度达到3.06m/s^2,超过3m/s^2"
2018-09-25 00:43:30,116.54404,27.634676,急减速,"加速度达到-3.06m/s^2,超过-3m/s^2"
2018-09-25 00:44:10,116.543951,27.634621000000006,急加速,"加速度达到3.33m/s^2,超过3m/s^2"
2018-09-25 00:46:00,116.533056,27.634838,急减速,"加速度达到-5.0m/s^2,超过-3m/s^2"
2018-09-25 00:46:40,116.532553,27.634556,急加速,"加速度达到3.33m/s^2,超过3m/s^2"
2018-09-25 00:49:31,116.52433,27.628508,急减速,"加速度达到-3.61m/s^2,超过-3m/s^2"
2018-09-25 00:49:44,116.52421499999998,27.628481,急加速,"加速度达到3.33m/s^2,超过3m/s^2"
2018-09-25 00:49:44,116.52421499999998,27.628481,长时间低速行驶,"长时间低速行驶时长为94秒,超过60秒"
2018-09-25 00:51:52,116.515753,27.627213,急变道,"方向角变化数为：32,超过30"
2018-09-25 00:52:00,116.515403,27.626953000000004,急减速,"加速度达到-3.33m/s^2,超过-3m/s^2"
2018-09-25 00:52:05,116.515295,27.626761,急变道,"方向角变化数为：36,超过30"
2018-09-25 00:52:11,116.51501,27.626575,急变道,"方向角变化数为：35,超过30"
2018-09-25 00:52:31,116.515326,27.62545,急变道,"方向角变化数为：34,超过30"
2018-09-25 00:53:23,116.511141,27.62495,急减速,"加速度达到-3.33m/s^2,超过-3m/s^2"
2018-09-25 00:53:27,116.51105,27.624953,急加速,"加速度达到3.33m/s^2,超过3m/s^2"
2018-09-25 00:53:59,116.509045,27.624976,急减速,"加速度达到-3.89m/s^2,超过-3m/s^2"
2018-09-25 00:55:01,116.509015,27.624963,急加速,"加速度达到3.06m/s^2,超过3m/s^2"
2018-09-25 00:55:16,116.508281,27.625003000000003,急减速,"加速度达到-3.33m/s^2,超过-3m/s^2"
2018-09-25 00:55:18,116.508205,27.625006,急加速,"加速度达到3.33m/s^2,超过3m/s^2"
2018-09-25 00:55:24,116.50798799999998,27.625086,急减速,"加速度达到-3.61m/s^2,超过-3m/s^2"
2018-09-25 00:55:32,116.507805,27.62516,急加速,"加速度达到3.06m/s^2,超过3m/s^2"
2018-09-25 00:55:54,116.507423,27.626078000000003,急变道,"方向角变化数为：35,超过30"
2018-09-25 00:55:55,116.5074,27.626095,急变道,"方向角变化数为：37,超过30"
2018-09-25 00:55:56,116.507375,27.626098,急减速,"加速度达到-3.06m/s^2,超过-3m/s^2"
2018-09-25 00:56:02,116.507371,27.626083,急变道,"方向角变化数为：121,超过30"
2018-09-25 00:56:07,116.507365,27.62607,急变道,"方向角变化数为：79,超过30"
2018-09-25 00:56:09,116.507373,27.626016,急加速,"加速度达到3.33m/s^2,超过3m/s^2"
2018-09-25 00:56:20,116.507513,27.625593,急减速,"加速度达到-3.61m/s^2,超过-3m/s^2"
2018-09-25 00:56:20,116.507513,27.625593,超长怠速,"超长怠速时长为162秒,超过120秒"
2018-09-25 00:59:02,116.507586,27.625516,急加速,"加速度达到3.33m/s^2,超过3m/s^2"
2018-09-25 00:59:08,116.507735,27.625323,急减速,"加速度达到-3.89m/s^2,超过-3m/s^2"
2018-09-25 00:59:09,116.50775,27.625296,急加速,"加速度达到3.33m/s^2,超过3m/s^2"
2018-09-25 00:59:12,116.50779,27.6252,急减速,"加速度达到-3.06m/s^2,超过-3m/s^2"
2018-09-25 00:59:13,116.507811,27.62518,急加速,"加速度达到3.06m/s^2,超过3m/s^2"
2018-09-25 00:59:14,116.507821,27.625168,急减速,"加速度达到-3.06m/s^2,超过-3m/s^2"
2018-09-25 00:59:18,116.50789,27.625121000000004,急变道,"方向角变化数为：34,超过30"
2018-09-25 00:59:30,116.50818,27.62503,超长怠速,"超长怠速时长为895秒,超过120秒"
2018-09-25 00:59:35,116.508291,27.625028000000004,急变道,"方向角变化数为：83,超过30"
2018-09-25 00:59:36,116.508311,27.62504,急变道,"方向角变化数为：51,超过30"
2018-09-25 01:13:44,116.508431,27.62524,急变道,"方向角变化数为：70,超过30"
2018-09-25 01:14:03,116.508448,27.625141,急变道,"方向角变化数为：86,超过30"
2018-09-25 01:15:04,116.509316,27.624998,急加速,"加速度达到3.33m/s^2,超过3m/s^2"
2018-09-25 01:15:17,116.509916,27.625145,急减速,"加速度达到-3.33m/s^2,超过-3m/s^2"
2018-09-25 01:15:28,116.51,27.625165000000006,急加速,"加速度达到3.06m/s^2,超过3m/s^2"
2018-09-25 01:15:33,116.510201,27.62521,急减速,"加速度达到-4.44m/s^2,超过-3m/s^2"
2018-09-25 01:15:34,116.510256,27.62521,急加速,"加速度达到5.83m/s^2,超过3m/s^2"
2018-09-25 01:16:18,116.51322,27.62475,急减速,"加速度达到-3.89m/s^2,超过-3m/s^2"
2018-09-25 01:16:42,116.513381,27.624788,急加速,"加速度达到3.33m/s^2,超过3m/s^2"
2018-09-25 01:16:51,116.513638,27.624821,急加速,"加速度达到3.06m/s^2,超过3m/s^2"
2018-09-25 01:16:56,116.513798,27.624846,急减速,"加速度达到-3.61m/s^2,超过-3m/s^2"
2018-09-25 01:16:56,116.513798,27.624846,超长怠速,"超长怠速时长为198秒,超过120秒"
2018-09-25 01:20:14,116.51399,27.624866,长时间低速行驶,"长时间低速行驶时长为92秒,超过60秒"
2018-09-25 01:22:44,116.521051,27.6277,急减速,"加速度达到-3.89m/s^2,超过-3m/s^2"
2018-09-25 01:24:42,116.5291,27.630738,急减速,"加速度达到-3.61m/s^2,超过-3m/s^2"
2018-09-25 01:27:04,116.535228,27.634723,急加速,"加速度达到3.33m/s^2,超过3m/s^2"
2018-09-25 01:28:49,116.544063,27.634666,急减速,"加速度达到-3.89m/s^2,超过-3m/s^2"
2018-09-25 01:29:11,116.54415,27.634735,急加速,"加速度达到3.33m/s^2,超过3m/s^2"
2018-09-25 01:30:33,116.54575,27.640936,急减速,"加速度达到-3.61m/s^2,超过-3m/s^2"
2018-09-25 01:30:50,116.545905,27.641231,急加速,"加速度达到3.33m/s^2,超过3m/s^2"
2018-09-25 01:37:37,116.56831499999998,27.661683,急减速,"加速度达到-3.06m/s^2,超过-3m/s^2"
2018-09-25 01:40:15,116.558315,27.672871,急减速,"加速度达到-3.06m/s^2,超过-3m/s^2"
2018-09-25 01:42:09,116.561215,27.684226,急加速,"加速度达到3.06m/s^2,超过3m/s^2"
2018-09-25 01:52:29,116.51365,27.752335,急减速,"加速度达到-3.61m/s^2,超过-3m/s^2"
2018-09-25 01:52:34,116.513596,27.752558,急减速,"加速度达到-3.89m/s^2,超过-3m/s^2"
2018-09-25 01:54:46,116.509021,27.761153000000004,急减速,"加速度达到-4.17m/s^2,超过-3m/s^2"
2018-09-25 01:55:02,116.508963,27.761251,急加速,"加速度达到3.33m/s^2,超过3m/s^2"
2018-09-25 02:03:54,116.45701,27.81967,急减速,"加速度达到-3.06m/s^2,超过-3m/s^2"
2018-09-25 02:04:42,116.455656,27.823965,急减速,"加速度达到-3.33m/s^2,超过-3m/s^2"
2018-09-25 02:04:48,116.455618,27.82411,急加速,"加速度达到3.61m/s^2,超过3m/s^2"
2018-09-25 02:10:56,116.434,27.865635,急减速,"加速度达到-4.17m/s^2,超过-3m/s^2"
2018-09-25 02:11:08,116.43393799999998,27.86571,急加速,"加速度达到3.33m/s^2,超过3m/s^2"
2018-09-25 02:16:26,116.4179,27.90145,急减速,"加速度达到-3.06m/s^2,超过-3m/s^2"
2018-09-25 02:16:29,116.417885,27.901525,急加速,"加速度达到3.06m/s^2,超过3m/s^2"
2018-09-25 02:20:34,116.406168,27.924993,急减速,"加速度达到-3.61m/s^2,超过-3m/s^2"
2018-09-25 02:28:46,116.379448,27.963933,急减速,"加速度达到-3.61m/s^2,超过-3m/s^2"
2018-09-25 02:29:06,116.379395,27.964001,急加速,"加速度达到3.06m/s^2,超过3m/s^2"
2018-09-25 02:31:37,116.367798,27.968811,急减速,"加速度达到-3.06m/s^2,超过-3m/s^2"
2018-09-25 02:31:59,116.36768,27.96881,急加速,"加速度达到3.06m/s^2,超过3m/s^2"
2018-09-25 02:33:21,116.36204,27.96878,急减速,"加速度达到-3.61m/s^2,超过-3m/s^2"
2018-09-25 02:33:51,116.361228,27.968741,急减速,"加速度达到-3.06m/s^2,超过-3m/s^2"
2018-09-25 02:34:53,116.361145,27.968753000000003,急加速,"加速度达到3.33m/s^2,超过3m/s^2"
2018-09-25 02:35:53,116.356,27.968651,急减速,"加速度达到-3.61m/s^2,超过-3m/s^2"
2018-09-25 02:39:30,116.350486,27.973538,急减速,"加速度达到-3.06m/s^2,超过-3m/s^2"
2018-09-25 02:39:49,116.350501,27.973595,急加速,"加速度达到3.33m/s^2,超过3m/s^2"
2018-09-25 02:40:08,116.350461,27.97485,急减速,"加速度达到-3.89m/s^2,超过-3m/s^2"
2018-09-25 02:41:47,116.350466,27.974926,急加速,"加速度达到3.06m/s^2,超过3m/s^2"
2018-09-25 02:43:31,116.342783,27.972456,急减速,"加速度达到-3.61m/s^2,超过-3m/s^2"
2018-09-25 02:44:34,116.34271499999998,27.97241,急加速,"加速度达到3.06m/s^2,超过3m/s^2"
2018-09-25 02:48:34,116.321808,27.959578000000004,急减速,"加速度达到-3.06m/s^2,超过-3m/s^2"
2018-09-25 02:49:37,116.321756,27.959521,急加速,"加速度达到3.06m/s^2,超过3m/s^2"
2018-09-25 02:50:04,116.320728,27.9582,急减速,"加速度达到-3.06m/s^2,超过-3m/s^2"
2018-09-25 02:50:24,116.320536,27.958008000000003,急加速,"加速度达到3.06m/s^2,超过3m/s^2"
2018-09-25 02:51:29,116.316435,27.953518,急减速,"加速度达到-3.89m/s^2,超过-3m/s^2"
2018-09-25 02:51:59,116.316371,27.953461,急加速,"加速度达到3.61m/s^2,超过3m/s^2"
2018-09-25 02:53:47,116.30849,27.947196,急减速,"加速度达到-3.06m/s^2,超过-3m/s^2"
2018-09-25 02:54:09,116.308391,27.947156,急加速,"加速度达到3.33m/s^2,超过3m/s^2"
2018-09-25 02:55:03,116.30361299999998,27.9458,急减速,"加速度达到-3.61m/s^2,超过-3m/s^2"
2018-09-25 02:55:38,116.30176000000002,27.945501,急变道,"方向角变化数为：33,超过30"
2018-09-25 02:55:39,116.301743,27.945526,急加速,"加速度达到3.06m/s^2,超过3m/s^2"
2018-09-25 02:56:09,116.301391,27.945973,急加速,"加速度达到3.06m/s^2,超过3m/s^2"
2018-09-25 02:56:20,116.301138,27.946348,急减速,"加速度达到-3.33m/s^2,超过-3m/s^2"
2018-09-25 02:56:28,116.301038,27.946276,急加速,"加速度达到3.33m/s^2,超过3m/s^2"
2018-09-25 02:56:35,116.30104,27.946018,急减速,"加速度达到-3.89m/s^2,超过-3m/s^2"
2018-09-25 02:56:35,116.30104,27.946018,超长怠速,"超长怠速时长为11033秒,超过120秒"
2018-09-25 02:57:10,116.301028,27.945958,急变道,"方向角变化数为：62,超过30"
2018-09-25 02:57:17,116.301031,27.945825,急变道,"方向角变化数为：62,超过30"
2018-09-25 05:55:12,116.30083799999998,27.946393,急变道,"方向角变化数为：152,超过30"
2018-09-25 05:57:44,116.30086,27.946313,怠速预热,"怠速预热时长为164秒,超过120秒"
2018-09-25 05:57:44,116.30086,27.946313,疲劳驾驶,"疲劳驾驶时长为75737秒,超过14400秒"
2018-09-25 06:00:19,116.300771,27.946333000000006,急变道,"方向角变化数为：97,超过30"
2018-09-25 06:00:28,116.30062,27.94628,急加速,"加速度达到3.06m/s^2,超过3m/s^2"
2018-09-25 06:00:29,116.300615,27.946255,急减速,"加速度达到-3.06m/s^2,超过-3m/s^2"
2018-09-25 06:00:31,116.30062,27.946203000000004,急加速,"加速度达到3.06m/s^2,超过3m/s^2"
2018-09-25 06:00:32,116.300625,27.94617,急减速,"加速度达到-3.06m/s^2,超过-3m/s^2"
2018-09-25 06:00:34,116.300638,27.946115,急变道,"方向角变化数为：36,超过30"
2018-09-25 06:00:35,116.300631,27.946098,急变道,"方向角变化数为：49,超过30"
2018-09-25 06:00:39,116.300626,27.945941,急变道,"方向角变化数为：54,超过30"
2018-09-25 06:00:48,116.300676,27.945711,急变道,"方向角变化数为：31,超过30"
2018-09-25 06:01:01,116.300923,27.945341,急变道,"方向角变化数为：40,超过30"
2018-09-25 06:01:04,116.301003,27.945315,急变道,"方向角变化数为：33,超过30"
2018-09-25 06:01:05,116.301045,27.945318,急加速,"加速度达到3.89m/s^2,超过3m/s^2"
2018-09-25 06:01:40,116.30274,27.945555,急减速,"加速度达到-3.06m/s^2,超过-3m/s^2"
2018-09-25 06:02:42,116.303001,27.945626,急加速,"加速度达到3.33m/s^2,超过3m/s^2"
2018-09-25 06:05:22,116.314656,27.951346,急减速,"加速度达到-3.33m/s^2,超过-3m/s^2"
2018-09-25 06:05:51,116.314706,27.951425,急加速,"加速度达到3.33m/s^2,超过3m/s^2"
2018-09-25 06:09:42,116.33076,27.965588,急减速,"加速度达到-3.61m/s^2,超过-3m/s^2"
2018-09-25 06:10:07,116.33089,27.965648,急加速,"加速度达到3.33m/s^2,超过3m/s^2"
2018-09-25 06:11:58,116.339826,27.970236,急减速,"加速度达到-3.06m/s^2,超过-3m/s^2"
2018-09-25 06:12:58,116.34228799999998,27.97195,急减速,"加速度达到-3.06m/s^2,超过-3m/s^2"
2018-09-25 06:13:14,116.342491,27.972131,急加速,"加速度达到3.33m/s^2,超过3m/s^2"
2018-09-25 06:14:40,116.347871,27.975156,长时间低速行驶,"长时间低速行驶时长为92秒,超过60秒"
2018-09-25 06:16:12,116.350331,27.97243,急减速,"加速度达到-3.33m/s^2,超过-3m/s^2"
2018-09-25 06:16:19,116.350338,27.972255,急加速,"加速度达到4.44m/s^2,超过3m/s^2"
2018-09-25 06:19:20,116.359896,27.968656,急减速,"加速度达到-3.33m/s^2,超过-3m/s^2"
2018-09-25 06:19:47,116.36015,27.968651,急加速,"加速度达到3.06m/s^2,超过3m/s^2"
2018-09-25 06:19:49,116.36023,27.968648,急减速,"加速度达到-3.61m/s^2,超过-3m/s^2"
2018-09-25 06:19:50,116.360261,27.968646000000003,急加速,"加速度达到3.33m/s^2,超过3m/s^2"
2018-09-25 06:20:14,116.361463,27.96867,急减速,"加速度达到-5.0m/s^2,超过-3m/s^2"
2018-09-25 06:21:29,116.366068,27.968778000000004,急减速,"加速度达到-3.06m/s^2,超过-3m/s^2"
2018-09-25 06:26:16,116.375958,27.969498,急减速,"加速度达到-3.89m/s^2,超过-3m/s^2"
2018-09-25 06:26:56,116.375981,27.969438,急加速,"加速度达到3.06m/s^2,超过3m/s^2"
2018-09-25 06:29:02,116.379541,27.963361,急加速,"加速度达到3.61m/s^2,超过3m/s^2"
2018-09-25 06:29:28,116.380291,27.962128000000003,急减速,"加速度达到-3.06m/s^2,超过-3m/s^2"
2018-09-25 06:30:08,116.380333,27.962061,急加速,"加速度达到3.06m/s^2,超过3m/s^2"
2018-09-25 06:30:43,116.381403,27.960125,急减速,"加速度达到-3.33m/s^2,超过-3m/s^2"
2018-09-25 06:30:43,116.381403,27.960125,超长怠速,"超长怠速时长为141秒,超过120秒"
2018-09-25 06:33:04,116.381455,27.960053,急加速,"加速度达到3.06m/s^2,超过3m/s^2"
2018-09-25 06:34:59,116.387125,27.951071,急减速,"加速度达到-3.06m/s^2,超过-3m/s^2"
2018-09-25 06:36:41,116.387183,27.951,急加速,"加速度达到3.61m/s^2,超过3m/s^2"
2018-09-25 06:40:34,116.402106,27.93328,急减速,"加速度达到-3.89m/s^2,超过-3m/s^2"
2018-09-25 06:40:44,116.402121,27.933128000000004,急加速,"加速度达到3.06m/s^2,超过3m/s^2"
2018-09-25 20:37:02,116.513748,27.624908,急减速,"加速度达到-15.83m/s^2,超过-3m/s^2"
2018-09-25 20:37:02,116.513748,27.624908,急变道,"方向角变化数为：44,超过30"
2018-09-25 20:37:02,116.513748,27.624908,超长怠速,"超长怠速时长为339秒,超过120秒"
2018-09-25 20:42:36,116.513715,27.62482,急变道,"方向角变化数为：162,超过30"
2018-09-25 20:42:41,116.513573,27.624811,急加速,"加速度达到3.06m/s^2,超过3m/s^2"
2018-09-25 20:42:41,116.513573,27.624811,长时间低速行驶,"长时间低速行驶时长为66秒,超过60秒"
2018-09-25 20:43:37,116.510328,27.625233,急变道,"方向角变化数为：37,超过30"
2018-09-25 20:50:33,116.49065,27.644355,急减速,"加速度达到-3.33m/s^2,超过-3m/s^2"
2018-09-25 20:50:33,116.49065,27.644355,急变道,"方向角变化数为：39,超过30"
2018-09-25 20:50:34,116.490635,27.644341,急变道,"方向角变化数为：35,超过30"
2018-09-25 20:51:04,116.490678,27.64429,急变道,"方向角变化数为：70,超过30"
2018-09-25 20:51:25,116.490893,27.644243,急加速,"加速度达到3.06m/s^2,超过3m/s^2"
2018-09-25 20:51:41,116.491601,27.644056,急减速,"加速度达到-4.44m/s^2,超过-3m/s^2"
2018-09-25 20:51:43,116.491661,27.644028,急加速,"加速度达到3.33m/s^2,超过3m/s^2"
2018-09-25 20:52:17,116.49337,27.642855,长时间低速行驶,"长时间低速行驶时长为65秒,超过60秒"
2018-09-25 20:55:40,116.497873,27.630153000000004,长时间低速行驶,"长时间低速行驶时长为61秒,超过60秒"
2018-09-25 20:58:42,116.507533,27.625688,急减速,"加速度达到-3.33m/s^2,超过-3m/s^2"
2018-09-25 20:59:06,116.507596,27.625563,急加速,"加速度达到4.17m/s^2,超过3m/s^2"
2018-09-25 20:59:19,116.507805,27.625206,急减速,"加速度达到-3.33m/s^2,超过-3m/s^2"
2018-09-25 20:59:19,116.507805,27.625206,超长怠速,"超长怠速时长为310秒,超过120秒"
2018-09-25 21:02:03,116.507975,27.625128000000004,怠速预热,"怠速预热时长为146秒,超过120秒"
2018-09-25 21:02:03,116.507975,27.625128000000004,疲劳驾驶,"疲劳驾驶时长为21478秒,超过14400秒"
2018-09-25 21:04:29,116.508185,27.625033,急加速,"加速度达到3.61m/s^2,超过3m/s^2"
2018-09-25 21:06:01,116.514793,27.624933,长时间低速行驶,"长时间低速行驶时长为65秒,超过60秒"
2018-09-25 21:06:14,116.515261,27.625626,急变道,"方向角变化数为：33,超过30"
2018-09-25 21:10:45,116.529665,27.632668,急减速,"加速度达到-3.06m/s^2,超过-3m/s^2"
2018-09-25 21:10:46,116.529683,27.632690000000004,急加速,"加速度达到3.06m/s^2,超过3m/s^2"
2018-09-25 21:20:48,116.567291,27.654616,急减速,"加速度达到-3.06m/s^2,超过-3m/s^2"
2018-09-25 21:20:51,116.567356,27.654671,急加速,"加速度达到3.33m/s^2,超过3m/s^2"
2018-09-25 21:22:02,116.56918,27.658141,急减速,"加速度达到-3.61m/s^2,超过-3m/s^2"
2018-09-25 21:23:19,116.56833,27.661868,急加速,"加速度达到3.06m/s^2,超过3m/s^2"
2018-09-25 21:26:49,116.55987,27.682175,急减速,"加速度达到-3.61m/s^2,超过-3m/s^2"
2018-09-25 21:28:39,116.559911,27.682251,急加速,"加速度达到3.06m/s^2,超过3m/s^2"
2018-09-25 21:38:02,116.520315,27.736378,急减速,"加速度达到-3.06m/s^2,超过-3m/s^2"
2018-09-25 21:40:21,116.51469,27.749721,急减速,"加速度达到-3.61m/s^2,超过-3m/s^2"
2018-09-25 21:40:22,116.51462,27.749893,急加速,"加速度达到3.89m/s^2,超过3m/s^2"
2018-09-25 21:51:09,116.45576,27.823606,急减速,"加速度达到-3.61m/s^2,超过-3m/s^2"
2018-09-25 21:51:36,116.455748,27.823723,急加速,"加速度达到3.06m/s^2,超过3m/s^2"
2018-09-25 21:52:20,116.454406,27.82733,急减速,"加速度达到-3.06m/s^2,超过-3m/s^2"
2018-09-25 21:53:49,116.45426100000002,27.827593,急加速,"加速度达到3.61m/s^2,超过3m/s^2"
2018-09-25 21:59:15,116.43192,27.868621,急减速,"加速度达到-5.0m/s^2,超过-3m/s^2"
2018-09-25 21:59:17,116.43176,27.868861,急加速,"加速度达到5.0m/s^2,超过3m/s^2"
2018-09-25 22:09:17,116.399973,27.935765000000004,急减速,"加速度达到-3.33m/s^2,超过-3m/s^2"
2018-09-25 22:09:32,116.399836,27.936013,急加速,"加速度达到3.33m/s^2,超过3m/s^2"
2018-09-25 22:12:21,116.387731,27.950421,急减速,"加速度达到-3.61m/s^2,超过-3m/s^2"
2018-09-25 22:13:36,116.387678,27.950496,急加速,"加速度达到3.06m/s^2,超过3m/s^2"
2018-09-25 22:16:04,116.379471,27.96383,急减速,"加速度达到-3.89m/s^2,超过-3m/s^2"
2018-09-25 22:16:37,116.379433,27.963893,急加速,"加速度达到3.33m/s^2,超过3m/s^2"
2018-09-25 22:17:37,116.376728,27.968293,急减速,"加速度达到-3.06m/s^2,超过-3m/s^2"
2018-09-25 22:17:46,116.376653,27.968418,急加速,"加速度达到3.06m/s^2,超过3m/s^2"
2018-09-25 22:19:39,116.366596,27.968793,急加速,"加速度达到3.06m/s^2,超过3m/s^2"
2018-09-25 22:21:40,116.360893,27.968743,急加速,"加速度达到3.61m/s^2,超过3m/s^2"
2018-09-25 22:23:42,116.356605,27.968696,急加速,"加速度达到3.61m/s^2,超过3m/s^2"
2018-09-25 22:23:57,116.355908,27.968661,急减速,"加速度达到-3.06m/s^2,超过-3m/s^2"
2018-09-25 22:24:17,116.355756,27.968671,急加速,"加速度达到3.33m/s^2,超过3m/s^2"
2018-09-25 22:25:10,116.350851,27.968606,急减速,"加速度达到-3.06m/s^2,超过-3m/s^2"
2018-09-25 22:25:32,116.350705,27.968626,急加速,"加速度达到3.06m/s^2,超过3m/s^2"
2018-09-25 22:27:28,116.340435,27.970306,急减速,"加速度达到-3.89m/s^2,超过-3m/s^2"
2018-09-25 22:28:32,116.340405,27.970498,急加速,"加速度达到3.61m/s^2,超过3m/s^2"
2018-09-25 22:30:07,116.33172,27.966088,急减速,"加速度达到-3.61m/s^2,超过-3m/s^2"
2018-09-25 22:30:15,116.33158799999998,27.966041,急加速,"加速度达到3.33m/s^2,超过3m/s^2"
2018-09-25 22:30:37,116.330555,27.965651,急减速,"加速度达到-3.06m/s^2,超过-3m/s^2"
2018-09-25 22:31:06,116.330463,27.965618,急加速,"加速度达到3.33m/s^2,超过3m/s^2"
2018-09-25 22:32:50,116.321616,27.959343,急减速,"加速度达到-3.33m/s^2,超过-3m/s^2"
2018-09-25 22:33:57,116.321566,27.959283000000006,急加速,"加速度达到3.06m/s^2,超过3m/s^2"
2018-09-25 22:34:04,116.321351,27.958995,急变道,"方向角变化数为：33,超过30"
2018-09-25 22:36:00,116.315203,27.952158,急加速,"加速度达到3.06m/s^2,超过3m/s^2"
2018-09-25 22:37:17,116.308513,27.947241,急减速,"加速度达到-3.06m/s^2,超过-3m/s^2"
2018-09-25 22:38:09,116.308341,27.94718,急加速,"加速度达到3.33m/s^2,超过3m/s^2"
2018-09-25 22:39:02,116.303488,27.945763,急减速,"加速度达到-3.06m/s^2,超过-3m/s^2"
2018-09-25 22:39:28,116.303345,27.945721,急加速,"加速度达到3.61m/s^2,超过3m/s^2"
2018-09-25 22:40:07,116.301766,27.945498,急变道,"方向角变化数为：34,超过30"
2018-09-25 22:40:19,116.301691,27.945701,急加速,"加速度达到3.33m/s^2,超过3m/s^2"
2018-09-25 22:40:28,116.3015,27.945916,急减速,"加速度达到-3.33m/s^2,超过-3m/s^2"
2018-09-25 22:40:29,116.301466,27.945928,急加速,"加速度达到3.06m/s^2,超过3m/s^2"
2018-09-25 22:40:33,116.3014,27.946023,急减速,"加速度达到-3.06m/s^2,超过-3m/s^2"
2018-09-25 22:40:52,116.30135,27.946140000000003,急变道,"方向角变化数为：36,超过30"
2018-09-25 22:40:53,116.301346,27.946155,急变道,"方向角变化数为：49,超过30"
2018-09-25 22:41:18,116.30132,27.946258,急加速,"加速度达到3.06m/s^2,超过3m/s^2"
2018-09-25 22:41:32,116.30104,27.946106,急减速,"加速度达到-3.89m/s^2,超过-3m/s^2"
2018-09-25 22:41:57,116.300706,27.94574,急减速,"加速度达到-3.06m/s^2,超过-3m/s^2"
2018-09-25 22:41:58,116.300705,27.945701,急加速,"加速度达到4.44m/s^2,超过3m/s^2"
2018-09-25 22:41:58,116.300705,27.945701,急变道,"方向角变化数为：33,超过30"
2018-09-25 22:42:04,116.300816,27.945481,急减速,"加速度达到-3.61m/s^2,超过-3m/s^2"
2018-09-25 22:42:04,116.300816,27.945481,超长怠速,"超长怠速时长为1091秒,超过120秒"
2018-09-25 22:58:39,116.300876,27.945351,疲劳驾驶,"疲劳驾驶时长为14482秒,超过14400秒"
2018-09-25 23:00:19,116.301085,27.945228000000004,急加速,"加速度达到3.06m/s^2,超过3m/s^2"
2018-09-25 23:01:50,116.307675,27.946731,急减速,"加速度达到-3.06m/s^2,超过-3m/s^2"
2018-09-25 23:02:03,116.307746,27.946786,急加速,"加速度达到3.33m/s^2,超过3m/s^2"
2018-09-25 23:02:42,116.310358,27.948073,急减速,"加速度达到-3.89m/s^2,超过-3m/s^2"
2018-09-25 23:02:59,116.310461,27.948186,急加速,"加速度达到3.33m/s^2,超过3m/s^2"
2018-09-25 23:09:14,116.33108,27.965740000000004,急加速,"加速度达到3.33m/s^2,超过3m/s^2"
2018-09-25 23:11:03,116.34003,27.970425,急减速,"加速度达到-3.06m/s^2,超过-3m/s^2"
2018-09-25 23:12:15,116.342508,27.97209,急减速,"加速度达到-3.33m/s^2,超过-3m/s^2"
2018-09-25 23:13:01,116.342616,27.97216,急加速,"加速度达到3.06m/s^2,超过3m/s^2"
2018-09-25 23:13:28,116.343706,27.972983000000006,急减速,"加速度达到-3.61m/s^2,超过-3m/s^2"
2018-09-25 23:13:42,116.343791,27.973036,急加速,"加速度达到3.33m/s^2,超过3m/s^2"
2018-09-25 23:14:23,116.345983,27.97456,急减速,"加速度达到-3.06m/s^2,超过-3m/s^2"
2018-09-25 23:14:30,116.34613600000002,27.974623,急加速,"加速度达到3.06m/s^2,超过3m/s^2"
2018-09-25 23:15:15,116.349026,27.975218,急减速,"加速度达到-3.06m/s^2,超过-3m/s^2"
2018-09-25 23:15:40,116.349518,27.975208,急加速,"加速度达到3.06m/s^2,超过3m/s^2"
2018-09-25 23:17:08,116.350383,27.968973,急减速,"加速度达到-3.89m/s^2,超过-3m/s^2"
2018-09-25 23:17:56,116.35088799999998,27.96857,急减速,"加速度达到-3.61m/s^2,超过-3m/s^2"
2018-09-25 23:19:04,116.3553,27.968573,急减速,"加速度达到-3.33m/s^2,超过-3m/s^2"
2018-09-25 23:20:32,116.35544099999998,27.968583,急加速,"加速度达到3.61m/s^2,超过3m/s^2"
2018-09-25 23:21:45,116.360361,27.96864,急减速,"加速度达到-3.33m/s^2,超过-3m/s^2"
2018-09-25 23:22:35,116.360488,27.968646000000003,急加速,"加速度达到3.06m/s^2,超过3m/s^2"
2018-09-25 23:22:41,116.360636,27.96866,急加速,"加速度达到3.06m/s^2,超过3m/s^2"
2018-09-25 23:23:59,116.366088,27.968768,急减速,"加速度达到-3.06m/s^2,超过-3m/s^2"
2018-09-25 23:24:33,116.366231,27.968788,急加速,"加速度达到3.33m/s^2,超过3m/s^2"
2018-09-25 23:25:00,116.366388,27.969946000000004,急变道,"方向角变化数为：31,超过30"
2018-09-25 23:25:05,116.366375,27.970113,急减速,"加速度达到-3.33m/s^2,超过-3m/s^2"
2018-09-25 23:25:09,116.366366,27.970183,急加速,"加速度达到3.06m/s^2,超过3m/s^2"
2018-09-25 23:25:41,116.3664,27.971751,急减速,"加速度达到-3.06m/s^2,超过-3m/s^2"
2018-09-25 23:25:47,116.366415,27.971905,急加速,"加速度达到3.06m/s^2,超过3m/s^2"
2018-09-25 23:26:04,116.366416,27.972433,急减速,"加速度达到-3.61m/s^2,超过-3m/s^2"
2018-09-25 23:26:05,116.36642,27.972465000000003,急加速,"加速度达到3.33m/s^2,超过3m/s^2"
2018-09-25 23:27:11,116.366475,27.974605,急减速,"加速度达到-3.06m/s^2,超过-3m/s^2"
2018-09-25 23:27:26,116.366703,27.974831,急加速,"加速度达到3.06m/s^2,超过3m/s^2"
2018-09-25 23:27:26,116.366703,27.974831,长时间低速行驶,"长时间低速行驶时长为101秒,超过60秒"
2018-09-25 23:30:05,116.375968,27.969435,急减速,"加速度达到-3.06m/s^2,超过-3m/s^2"
2018-09-25 23:31:58,116.379201,27.963945,急减速,"加速度达到-3.89m/s^2,超过-3m/s^2"
2018-09-25 23:32:14,116.379251,27.963868,急加速,"加速度达到3.06m/s^2,超过3m/s^2"
2018-09-25 23:32:29,116.37952,27.963375,急减速,"加速度达到-3.06m/s^2,超过-3m/s^2"
2018-09-25 23:34:37,116.380368,27.961988,急减速,"加速度达到-3.33m/s^2,超过-3m/s^2"
2018-09-25 23:36:08,116.380406,27.961925,急加速,"加速度达到3.06m/s^2,超过3m/s^2"
2018-09-25 23:38:29,116.387045,27.951245,急减速,"加速度达到-4.17m/s^2,超过-3m/s^2"
2018-09-25 23:40:04,116.387115,27.951158000000003,急加速,"加速度达到3.61m/s^2,超过3m/s^2"
2018-09-25 23:42:37,116.395543,27.940968,急减速,"加速度达到-3.06m/s^2,超过-3m/s^2"
2018-09-25 23:43:05,116.395843,27.940725,急加速,"加速度达到3.06m/s^2,超过3m/s^2"
2018-09-25 23:50:57,116.417765,27.90188,急减速,"加速度达到-3.06m/s^2,超过-3m/s^2"
2018-09-25 23:51:39,116.417931,27.901233,急加速,"加速度达到3.89m/s^2,超过3m/s^2"
2018-09-25 23:55:59,116.431966,27.8685,急加速,"加速度达到3.33m/s^2,超过3m/s^2"
2018-09-26 00:01:59,116.454426,27.827093,急减速,"加速度达到-4.17m/s^2,超过-3m/s^2"
2018-09-26 00:02:28,116.45449,27.82699,急加速,"加速度达到3.33m/s^2,超过3m/s^2"
2018-09-26 00:03:22,116.455786,27.823321000000004,急减速,"加速度达到-4.17m/s^2,超过-3m/s^2"
2018-09-26 00:03:25,116.455818,27.823245,急加速,"加速度达到3.33m/s^2,超过3m/s^2"
2018-09-26 00:40:01,116.545656,27.640401,急减速,"加速度达到-7.22m/s^2,超过-3m/s^2"
2018-09-26 00:42:41,116.536015,27.634690000000006,急减速,"加速度达到-4.44m/s^2,超过-3m/s^2"
2018-09-26 00:42:48,116.535918,27.634671,急加速,"加速度达到3.61m/s^2,超过3m/s^2"
2018-09-26 00:47:30,116.51599,27.627368,长时间低速行驶,"长时间低速行驶时长为1493秒,超过60秒"
2018-09-26 01:12:23,116.508171,27.625091,急减速,"加速度达到-6.94m/s^2,超过-3m/s^2"
2018-09-26 01:12:23,116.508171,27.625091,急变道,"方向角变化数为：134,超过30"
2018-09-26 01:13:14,116.508283,27.625055,急变道,"方向角变化数为：110,超过30"
2018-09-26 01:13:21,116.508473,27.624995,急加速,"加速度达到3.33m/s^2,超过3m/s^2"
2018-09-26 01:13:22,116.508503,27.624988,急减速,"加速度达到-3.33m/s^2,超过-3m/s^2"
2018-09-26 01:13:48,116.509515,27.625043,急减速,"加速度达到-3.61m/s^2,超过-3m/s^2"
2018-09-26 01:14:46,116.510893,27.624975,急减速,"加速度达到-3.06m/s^2,超过-3m/s^2"
2018-09-26 01:14:49,116.51098600000002,27.624963,急加速,"加速度达到3.06m/s^2,超过3m/s^2"
2018-09-26 01:15:34,116.51377,27.624866,长时间低速行驶,"长时间低速行驶时长为87秒,超过60秒"
2018-09-26 01:27:09,116.55499,27.64958,急减速,"加速度达到-3.33m/s^2,超过-3m/s^2"
2018-09-26 01:27:13,116.55508600000002,27.649585,急加速,"加速度达到3.06m/s^2,超过3m/s^2"
2018-09-26 01:30:13,116.567166,27.654495,长时间低速行驶,"长时间低速行驶时长为83秒,超过60秒"
2018-09-26 01:31:36,116.569195,27.658021,急减速,"加速度达到-3.33m/s^2,超过-3m/s^2"
2018-09-26 01:32:13,116.56914,27.658103000000004,急加速,"加速度达到3.06m/s^2,超过3m/s^2"
2018-09-26 01:32:13,116.56914,27.658103000000004,长时间低速行驶,"长时间低速行驶时长为71秒,超过60秒"
2018-09-26 01:33:24,116.568356,27.661751,急减速,"加速度达到-3.33m/s^2,超过-3m/s^2"
2018-09-26 01:33:46,116.568173,27.662023,急减速,"加速度达到-3.06m/s^2,超过-3m/s^2"
2018-09-26 01:46:02,116.51892,27.739513,急减速,"加速度达到-3.33m/s^2,超过-3m/s^2"
2018-09-26 01:46:20,116.51887,27.739576,急加速,"加速度达到3.61m/s^2,超过3m/s^2"
2018-09-26 01:48:18,116.51354,27.752616,急减速,"加速度达到-3.06m/s^2,超过-3m/s^2"
2018-09-26 01:48:19,116.513535,27.752648,急加速,"加速度达到3.33m/s^2,超过3m/s^2"
2018-09-26 01:59:21,116.456115,27.82227,急减速,"加速度达到-4.44m/s^2,超过-3m/s^2"
2018-09-26 01:59:42,116.456095,27.822340000000004,急加速,"加速度达到3.06m/s^2,超过3m/s^2"
2018-09-26 01:59:44,116.456073,27.822395,急减速,"加速度达到-3.06m/s^2,超过-3m/s^2"
2018-09-26 01:59:46,116.456056,27.822448,急加速,"加速度达到3.33m/s^2,超过3m/s^2"
2018-09-26 02:01:02,116.454413,27.827428,急减速,"加速度达到-3.61m/s^2,超过-3m/s^2"
2018-09-26 02:01:11,116.454371,27.827481,急加速,"加速度达到3.06m/s^2,超过3m/s^2"
2018-09-26 02:12:14,116.417876,27.901481,急加速,"加速度达到3.06m/s^2,超过3m/s^2"
2018-09-26 02:14:42,116.415361,27.911878,急加速,"加速度达到3.06m/s^2,超过3m/s^2"
2018-09-26 02:14:54,116.415158,27.912296,急减速,"加速度达到-3.33m/s^2,超过-3m/s^2"
2018-09-26 02:15:10,116.414946,27.912546000000006,急加速,"加速度达到3.33m/s^2,超过3m/s^2"
2018-09-26 03:00:01,116.367258,27.934153,急减速,"加速度达到-11.39m/s^2,超过-3m/s^2"
2018-09-26 03:00:01,116.367258,27.934153,急变道,"方向角变化数为：143,超过30"
2018-09-26 03:20:01,116.370076,27.939241,急加速,"加速度达到8.33m/s^2,超过3m/s^2"
2018-09-26 03:20:01,116.370076,27.939241,急变道,"方向角变化数为：33,超过30"
2018-09-26 03:20:35,116.371886,27.939276,急加速,"加速度达到3.06m/s^2,超过3m/s^2"
2018-09-26 03:21:53,116.372035,27.941961,急减速,"加速度达到-3.06m/s^2,超过-3m/s^2"
2018-09-26 03:21:56,116.372023,27.942038,急加速,"加速度达到3.06m/s^2,超过3m/s^2"
2018-09-26 03:22:30,116.372011,27.943618,急减速,"加速度达到-3.06m/s^2,超过-3m/s^2"
2018-09-26 03:22:36,116.371998,27.943743,急加速,"加速度达到3.06m/s^2,超过3m/s^2"
2018-09-26 03:22:45,116.371966,27.943978,急加速,"加速度达到3.33m/s^2,超过3m/s^2"
2018-09-26 03:22:54,116.371956,27.944306,急减速,"加速度达到-3.06m/s^2,超过-3m/s^2"
2018-09-26 03:23:20,116.371948,27.944431,急加速,"加速度达到3.06m/s^2,超过3m/s^2"
2018-09-26 03:24:12,116.372031,27.94702,急减速,"加速度达到-3.33m/s^2,超过-3m/s^2"
2018-09-26 03:24:37,116.37203,27.94721,急加速,"加速度达到3.33m/s^2,超过3m/s^2"
2018-09-26 03:24:54,116.37206299999998,27.947840000000006,急减速,"加速度达到-3.06m/s^2,超过-3m/s^2"
2018-09-26 03:25:48,116.372103,27.947986,急变道,"方向角变化数为：72,超过30"
2018-09-26 03:26:04,116.372068,27.94851,急减速,"加速度达到-3.06m/s^2,超过-3m/s^2"
2018-09-26 03:26:04,116.372068,27.94851,超长怠速,"超长怠速时长为1656秒,超过120秒"
2018-09-26 03:26:33,116.372121,27.948603,急变道,"方向角变化数为：155,超过30"
2018-09-26 03:53:34,116.372081,27.948661,急变道,"方向角变化数为：159,超过30"
2018-09-26 03:53:40,116.372025,27.948791,急加速,"加速度达到3.06m/s^2,超过3m/s^2"
2018-09-26 03:53:57,116.372045,27.949215,急减速,"加速度达到-3.06m/s^2,超过-3m/s^2"
2018-09-26 03:54:24,116.37203999999998,27.949751000000006,急加速,"加速度达到3.06m/s^2,超过3m/s^2"
2018-09-26 03:54:39,116.372041,27.950315000000003,急减速,"加速度达到-3.33m/s^2,超过-3m/s^2"
2018-09-26 03:55:37,116.37203999999998,27.95063,急加速,"加速度达到3.06m/s^2,超过3m/s^2"
2018-09-26 03:55:37,116.37203999999998,27.95063,长时间低速行驶,"长时间低速行驶时长为127秒,超过60秒"
2018-09-26 03:58:36,116.366961,27.957063,长时间低速行驶,"长时间低速行驶时长为85秒,超过60秒"
2018-09-26 04:00:01,116.36641000000002,27.961046000000003,急减速,"加速度达到-7.22m/s^2,超过-3m/s^2"
2018-09-26 04:00:38,116.366421,27.961173,急加速,"加速度达到3.33m/s^2,超过3m/s^2"
2018-09-26 04:03:03,116.362023,27.96168,急加速,"加速度达到3.33m/s^2,超过3m/s^2"
2018-09-26 04:03:16,116.361326,27.961693,急减速,"加速度达到-3.06m/s^2,超过-3m/s^2"
2018-09-26 04:03:16,116.361326,27.961693,超长怠速,"超长怠速时长为1308秒,超过120秒"
2018-09-26 04:20:01,116.319426,27.956716,急变道,"方向角变化数为：56,超过30"
2018-09-26 04:25:04,116.319385,27.956646000000006,急加速,"加速度达到3.33m/s^2,超过3m/s^2"
2018-09-26 04:27:45,116.308558,27.947265,急减速,"加速度达到-3.06m/s^2,超过-3m/s^2"
2018-09-26 04:29:38,116.301626,27.945938,急减速,"加速度达到-3.06m/s^2,超过-3m/s^2"
2018-09-26 04:29:39,116.301603,27.945951,急加速,"加速度达到3.06m/s^2,超过3m/s^2"
2018-09-26 04:29:56,116.301143,27.9464,急变道,"方向角变化数为：49,超过30"
2018-09-26 04:30:06,116.30106299999998,27.946026,急减速,"加速度达到-3.61m/s^2,超过-3m/s^2"
2018-09-26 04:30:06,116.30106299999998,27.946026,超长怠速,"超长怠速时长为5819秒,超过120秒"
2018-09-26 06:01:20,116.301218,27.94585,急变道,"方向角变化数为：145,超过30"
2018-09-26 06:01:20,116.301218,27.94585,怠速预热,"怠速预热时长为345秒,超过120秒"
2018-09-26 06:02:02,116.30097,27.945886,急变道,"方向角变化数为：89,超过30"
2018-09-26 06:02:33,116.30061,27.945728000000006,急变道,"方向角变化数为：32,超过30"
2018-09-26 06:07:03,116.300911,27.945331,急变道,"方向角变化数为：44,超过30"
2018-09-26 06:07:05,116.300953,27.945295,急加速,"加速度达到3.06m/s^2,超过3m/s^2"
2018-09-26 06:07:06,116.300978,27.945281,急减速,"加速度达到-3.06m/s^2,超过-3m/s^2"
2018-09-26 06:08:45,116.307565,27.946636,急减速,"加速度达到-3.89m/s^2,超过-3m/s^2"
2018-09-26 06:11:11,116.314708,27.951448,急减速,"加速度达到-3.61m/s^2,超过-3m/s^2"
2018-09-26 06:11:45,116.314806,27.951543,急加速,"加速度达到3.33m/s^2,超过3m/s^2"
2018-09-26 06:13:33,116.32133799999998,27.958921000000004,急减速,"加速度达到-3.61m/s^2,超过-3m/s^2"
2018-09-26 06:14:36,116.321446,27.959021000000003,急加速,"加速度达到3.33m/s^2,超过3m/s^2"
2018-09-26 06:17:11,116.33105,27.965776,急加速,"加速度达到3.61m/s^2,超过3m/s^2"
2018-09-26 06:17:28,116.331913,27.966033000000003,急减速,"加速度达到-3.61m/s^2,超过-3m/s^2"
2018-09-26 06:19:15,116.339011,27.969656,急减速,"加速度达到-4.44m/s^2,超过-3m/s^2"
2018-09-26 06:19:32,116.339086,27.96972,急加速,"加速度达到3.33m/s^2,超过3m/s^2"
2018-09-26 06:20:26,116.342485,27.9721,急减速,"加速度达到-3.06m/s^2,超过-3m/s^2"
2018-09-26 06:21:10,116.342925,27.972431,急加速,"加速度达到3.06m/s^2,超过3m/s^2"
2018-09-26 06:22:51,116.34937,27.975236,急减速,"加速度达到-3.06m/s^2,超过-3m/s^2"
2018-09-26 06:23:45,116.350398,27.974596,急加速,"加速度达到3.33m/s^2,超过3m/s^2"
2018-09-26 06:24:43,116.350318,27.970976,急减速,"加速度达到-3.89m/s^2,超过-3m/s^2"
2018-09-26 06:25:00,116.350316,27.970891,急加速,"加速度达到3.06m/s^2,超过3m/s^2"
2018-09-26 06:25:31,116.35038,27.969101,急减速,"加速度达到-3.61m/s^2,超过-3m/s^2"
2018-09-26 06:25:45,116.350441,27.968768,急减速,"加速度达到-3.06m/s^2,超过-3m/s^2"
2018-09-26 06:26:58,116.354851,27.96861,急减速,"加速度达到-4.17m/s^2,超过-3m/s^2"
2018-09-26 06:27:58,116.356583,27.968588,急减速,"加速度达到-4.44m/s^2,超过-3m/s^2"
2018-09-26 06:28:12,116.35674,27.968611,急加速,"加速度达到3.06m/s^2,超过3m/s^2"
2018-09-26 06:28:54,116.359965,27.96869,急减速,"加速度达到-3.61m/s^2,超过-3m/s^2"
2018-09-26 06:29:24,116.360181,27.96867,急加速,"加速度达到3.33m/s^2,超过3m/s^2"
2018-09-26 06:29:34,116.360666,27.968671,急减速,"加速度达到-3.33m/s^2,超过-3m/s^2"
2018-09-26 06:32:23,116.365916,27.968791,急减速,"加速度达到-3.61m/s^2,超过-3m/s^2"
2018-09-26 06:32:41,116.366433,27.968993,急加速,"加速度达到3.33m/s^2,超过3m/s^2"
2018-09-26 06:33:36,116.366361,27.969866,急加速,"加速度达到3.33m/s^2,超过3m/s^2"
2018-09-26 06:34:31,116.36641000000002,27.973001,急减速,"加速度达到-3.61m/s^2,超过-3m/s^2"
2018-09-26 06:38:00,116.37599099999998,27.969418,急减速,"加速度达到-3.61m/s^2,超过-3m/s^2"
2018-09-26 06:38:51,116.37608,27.969271000000006,急加速,"加速度达到3.33m/s^2,超过3m/s^2"
2018-09-26 06:40:18,116.379555,27.963375,急减速,"加速度达到-3.06m/s^2,超过-3m/s^2"
2018-09-26 06:41:28,116.379645,27.963245,急加速,"加速度达到3.33m/s^2,超过3m/s^2"
2018-09-26 06:41:55,116.380241,27.962276,急减速,"加速度达到-3.33m/s^2,超过-3m/s^2"
2018-09-26 06:42:41,116.380331,27.962158,急加速,"加速度达到3.33m/s^2,超过3m/s^2"
2018-09-26 06:44:41,116.387133,27.951075,急减速,"加速度达到-3.06m/s^2,超过-3m/s^2"
2018-09-26 06:46:36,116.387171,27.951021,急加速,"加速度达到3.06m/s^2,超过3m/s^2"
2018-09-26 06:48:18,116.394135,27.942565,急减速,"加速度达到-3.06m/s^2,超过-3m/s^2"
2018-09-26 06:49:20,116.395741,27.940721000000003,急减速,"加速度达到-3.06m/s^2,超过-3m/s^2"
2018-09-26 06:49:26,116.395811,27.940626,急加速,"加速度达到3.06m/s^2,超过3m/s^2"
2018-09-26 06:53:36,116.412105,27.916523,急减速,"加速度达到-3.33m/s^2,超过-3m/s^2"
2018-09-26 06:56:34,116.417871,27.901463,急减速,"加速度达到-3.33m/s^2,超过-3m/s^2"
2018-09-26 06:56:44,116.417915,27.901276,急加速,"加速度达到3.33m/s^2,超过3m/s^2"
2018-09-26 07:06:30,116.455026,27.826046,急减速,"加速度达到-3.89m/s^2,超过-3m/s^2"
2018-09-26 07:07:38,116.456766,27.820211,急减速,"加速度达到-3.06m/s^2,超过-3m/s^2"
2018-09-26 07:07:38,116.456766,27.820211,超长怠速,"超长怠速时长为349秒,超过120秒"
2018-09-26 07:07:41,116.45683,27.820220000000006,急变道,"方向角变化数为：41,超过30"
2018-09-26 07:07:47,116.456853,27.820306,急变道,"方向角变化数为：31,超过30"
2018-09-26 07:07:55,116.45683,27.820341,急变道,"方向角变化数为：140,超过30"
2018-09-26 07:13:04,116.456826,27.820311,急变道,"方向角变化数为：105,超过30"
2018-09-26 07:13:16,116.456753,27.820251000000006,急变道,"方向角变化数为：131,超过30"
2018-09-26 07:13:24,116.456768,27.820256,急变道,"方向角变化数为：112,超过30"
2018-09-26 07:13:27,116.45681299999998,27.820191,急加速,"加速度达到3.06m/s^2,超过3m/s^2"
2018-09-26 07:18:07,116.482116,27.793726,急减速,"加速度达到-3.89m/s^2,超过-3m/s^2"
2018-09-26 07:18:23,116.482166,27.793671000000003,急加速,"加速度达到3.06m/s^2,超过3m/s^2"
2018-09-26 07:24:26,116.51246,27.756058000000003,急减速,"加速度达到-3.06m/s^2,超过-3m/s^2"
2018-09-26 07:24:26,116.51246,27.756058000000003,超长怠速,"超长怠速时长为134秒,超过120秒"
2018-09-26 07:30:34,116.524921,27.727456,急减速,"加速度达到-3.89m/s^2,超过-3m/s^2"
2018-09-26 07:38:35,116.559856,27.68231,急减速,"加速度达到-4.44m/s^2,超过-3m/s^2"
2018-09-26 07:42:24,116.568433,27.661818,急减速,"加速度达到-3.33m/s^2,超过-3m/s^2"
2018-09-26 07:42:26,116.568433,27.661761,急变道,"方向角变化数为：35,超过30"
2018-09-26 07:43:08,116.568395,27.661585,急加速,"加速度达到3.06m/s^2,超过3m/s^2"
2018-09-26 07:47:10,116.55848799999998,27.649983,急减速,"加速度达到-3.33m/s^2,超过-3m/s^2"
2018-09-26 07:47:33,116.558115,27.649885,急加速,"加速度达到3.06m/s^2,超过3m/s^2"
2018-09-26 07:51:46,116.544818,27.635366,急减速,"加速度达到-3.61m/s^2,超过-3m/s^2"
2018-09-26 07:51:50,116.544771,27.635286,急加速,"加速度达到3.89m/s^2,超过3m/s^2"
2018-09-26 07:55:11,116.529548,27.632498,急加速,"加速度达到3.33m/s^2,超过3m/s^2"
2018-09-26 07:58:52,116.515355,27.627125,急变道,"方向角变化数为：38,超过30"
2018-09-26 07:58:59,116.515381,27.626936,急变道,"方向角变化数为：32,超过30"
2018-09-26 07:59:23,116.515176,27.626751,急变道,"方向角变化数为：34,超过30"
2018-09-26 07:59:27,116.515085,27.626718,急加速,"加速度达到3.06m/s^2,超过3m/s^2"
2018-09-26 07:59:27,116.515085,27.626718,长时间低速行驶,"长时间低速行驶时长为64秒,超过60秒"
2018-09-26 08:00:31,116.51379,27.62488,急减速,"加速度达到-3.06m/s^2,超过-3m/s^2"
2018-09-26 08:00:44,116.513696,27.62486,急加速,"加速度达到3.06m/s^2,超过3m/s^2"
2018-09-26 08:02:09,116.508271,27.625061,急减速,"加速度达到-3.06m/s^2,超过-3m/s^2"
2018-09-26 08:03:46,116.50812,27.625143,急加速,"加速度达到3.06m/s^2,超过3m/s^2"
2018-09-26 08:03:48,116.508061,27.625173,急减速,"加速度达到-3.33m/s^2,超过-3m/s^2"
2018-09-26 08:03:51,116.50798799999998,27.625203000000006,急加速,"加速度达到3.06m/s^2,超过3m/s^2"
2018-09-26 08:04:35,116.507753,27.625293,急加速,"加速度达到3.06m/s^2,超过3m/s^2"
2018-09-26 08:05:14,116.507078,27.626465000000003,急减速,"加速度达到-3.06m/s^2,超过-3m/s^2"
2018-09-26 08:05:14,116.507078,27.626465000000003,超长怠速,"超长怠速时长为439秒,超过120秒"
2018-09-26 08:12:40,116.50666499999998,27.626356,急减速,"加速度达到-3.06m/s^2,超过-3m/s^2"
2018-09-26 08:12:50,116.5066,27.626411,急变道,"方向角变化数为：71,超过30"
2018-09-26 08:12:55,116.5066,27.626478,急变道,"方向角变化数为：52,超过30"
2018-09-26 08:12:56,116.506591,27.626496000000003,急变道,"方向角变化数为：75,超过30"
2018-09-26 08:13:08,116.506496,27.626895,急加速,"加速度达到3.06m/s^2,超过3m/s^2"
2018-09-26 08:13:09,116.506508,27.626946000000004,急减速,"加速度达到-3.06m/s^2,超过-3m/s^2"
2018-09-26 08:13:10,116.50654,27.626981,急变道,"方向角变化数为：33,超过30"
2018-09-26 08:13:14,116.506611,27.627081,急加速,"加速度达到3.61m/s^2,超过3m/s^2"
2018-09-26 08:13:14,116.506611,27.627081,急变道,"方向角变化数为：31,超过30"
2018-09-26 08:13:20,116.506446,27.627098,超长怠速,"超长怠速时长为230秒,超过120秒"
2018-09-26 08:16:47,116.50638,27.627035,急变道,"方向角变化数为：49,超过30"
2018-09-26 08:16:49,116.50639,27.626995,急变道,"方向角变化数为：38,超过30"
2018-09-26 08:16:59,116.506518,27.62694,急变道,"方向角变化数为：46,超过30"
2018-09-26 08:17:10,116.50655,27.626771,急加速,"加速度达到3.06m/s^2,超过3m/s^2"
2018-09-26 08:17:10,116.50655,27.626771,急变道,"方向角变化数为：41,超过30"
2018-09-26 08:17:11,116.506556,27.626753000000004,急减速,"加速度达到-3.06m/s^2,超过-3m/s^2"
2018-09-26 08:17:11,116.506556,27.626753000000004,急变道,"方向角变化数为：56,超过30"
2018-09-26 08:17:14,116.506581,27.626690000000004,急加速,"加速度达到3.06m/s^2,超过3m/s^2"
2018-09-26 08:17:14,116.506581,27.626690000000004,急变道,"方向角变化数为：35,超过30"
2018-09-26 08:17:15,116.506586,27.626665000000006,急变道,"方向角变化数为：34,超过30"
2018-09-26 08:17:35,116.506833,27.626413,急加速,"加速度达到3.61m/s^2,超过3m/s^2"
2018-09-26 08:17:54,116.507396,27.626143,急减速,"加速度达到-5.0m/s^2,超过-3m/s^2"
2018-09-26 08:18:13,116.507418,27.626038,急加速,"加速度达到3.06m/s^2,超过3m/s^2"
2018-09-26 08:18:13,116.507418,27.626038,长时间低速行驶,"长时间低速行驶时长为85秒,超过60秒"
2018-09-26 08:19:38,116.511345,27.624938,急减速,"加速度达到-3.33m/s^2,超过-3m/s^2"
2018-09-26 08:20:28,116.51151000000002,27.624868,急加速,"加速度达到3.33m/s^2,超过3m/s^2"
2018-09-26 08:21:08,116.513775,27.62489,急减速,"加速度达到-3.06m/s^2,超过-3m/s^2"
2018-09-26 08:21:08,116.513775,27.62489,超长怠速,"超长怠速时长为44199秒,超过120秒"
2018-09-26 08:22:01,116.513785,27.624931,急变道,"方向角变化数为：154,超过30"
2018-09-26 20:31:50,116.51376,27.624885,怠速预热,"怠速预热时长为357秒,超过120秒"
2018-09-26 20:31:50,116.51376,27.624885,疲劳驾驶,"疲劳驾驶时长为22424秒,超过14400秒"
2018-09-26 20:37:39,116.513728,27.624803000000004,急变道,"方向角变化数为：84,超过30"
2018-09-26 20:37:47,116.513516,27.624805,急加速,"加速度达到3.06m/s^2,超过3m/s^2"
2018-09-26 20:37:47,116.513516,27.624805,长时间低速行驶,"长时间低速行驶时长为94秒,超过60秒"
2018-09-26 20:39:21,116.507915,27.625183000000003,急减速,"加速度达到-3.06m/s^2,超过-3m/s^2"
2018-09-26 20:39:21,116.507915,27.625183000000003,超长怠速,"超长怠速时长为4840秒,超过120秒"
2018-09-26 22:00:01,116.428475,27.873715,急加速,"加速度达到15.83m/s^2,超过3m/s^2"
2018-09-26 22:00:01,116.428475,27.873715,急变道,"方向角变化数为：43,超过30"
2018-09-26 22:20:01,116.376616,27.968473,急减速,"加速度达到-12.78m/s^2,超过-3m/s^2"
2018-09-26 22:21:31,116.366826,27.968793,急减速,"加速度达到-3.06m/s^2,超过-3m/s^2"
2018-09-26 22:21:57,116.366635,27.968785,急加速,"加速度达到3.06m/s^2,超过3m/s^2"
2018-09-26 22:22:11,116.365933,27.968858,急减速,"加速度达到-3.61m/s^2,超过-3m/s^2"
2018-09-26 22:22:39,116.3658,27.968836,急加速,"加速度达到3.61m/s^2,超过3m/s^2"
2018-09-26 22:23:31,116.36098,27.968751,急减速,"加速度达到-3.61m/s^2,超过-3m/s^2"
2018-09-26 22:25:05,116.3609,27.968751,急加速,"加速度达到3.06m/s^2,超过3m/s^2"
2018-09-26 22:25:43,116.35777,27.968701,急减速,"加速度达到-4.17m/s^2,超过-3m/s^2"
2018-09-26 22:27:23,116.35768,27.968728,急加速,"加速度达到3.06m/s^2,超过3m/s^2"
2018-09-26 22:27:49,116.355815,27.96867,急减速,"加速度达到-3.89m/s^2,超过-3m/s^2"
2018-09-26 22:29:25,116.355678,27.968668,急加速,"加速度达到3.61m/s^2,超过3m/s^2"
2018-09-26 22:32:25,116.340425,27.970333,急减速,"加速度达到-3.06m/s^2,超过-3m/s^2"
2018-09-26 22:32:53,116.340431,27.970433,急加速,"加速度达到3.89m/s^2,超过3m/s^2"
2018-09-26 22:35:31,116.331253,27.96595,急加速,"加速度达到3.33m/s^2,超过3m/s^2"
2018-09-26 22:36:02,116.32953,27.965275,急减速,"加速度达到-3.33m/s^2,超过-3m/s^2"
2018-09-26 22:36:17,116.329283,27.965008,急减速,"加速度达到-3.06m/s^2,超过-3m/s^2"
2018-09-26 22:36:53,116.32923999999998,27.965045,急变道,"方向角变化数为：54,超过30"
2018-09-26 22:37:11,116.329025,27.965081,急加速,"加速度达到3.06m/s^2,超过3m/s^2"
2018-09-26 22:37:28,116.328265,27.964796000000003,急减速,"加速度达到-3.61m/s^2,超过-3m/s^2"
2018-09-26 22:37:36,116.328115,27.964735,急加速,"加速度达到3.06m/s^2,超过3m/s^2"
2018-09-26 22:38:55,116.321711,27.959536,急减速,"加速度达到-3.06m/s^2,超过-3m/s^2"
2018-09-26 22:39:17,116.32162,27.959415000000003,急加速,"加速度达到3.61m/s^2,超过3m/s^2"
2018-09-26 22:42:16,116.308633,27.947286,急减速,"加速度达到-3.06m/s^2,超过-3m/s^2"
2018-09-26 22:42:41,116.308501,27.94724,急加速,"加速度达到3.61m/s^2,超过3m/s^2"
2018-09-26 22:43:35,116.303556,27.945798,急减速,"加速度达到-3.06m/s^2,超过-3m/s^2"
2018-09-26 22:43:49,116.303435,27.945765,急加速,"加速度达到3.06m/s^2,超过3m/s^2"
2018-09-26 22:44:17,116.30175,27.945496,急减速,"加速度达到-3.89m/s^2,超过-3m/s^2"
2018-09-26 22:44:25,116.301721,27.94564,急加速,"加速度达到3.06m/s^2,超过3m/s^2"
2018-09-26 22:44:35,116.301518,27.945953000000006,急减速,"加速度达到-3.33m/s^2,超过-3m/s^2"
2018-09-26 22:45:44,116.301271,27.946463,急减速,"加速度达到-3.06m/s^2,超过-3m/s^2"
2018-09-26 22:45:45,116.301253,27.946473,急变道,"方向角变化数为：31,超过30"
2018-09-26 22:45:46,116.301233,27.946473,急变道,"方向角变化数为：31,超过30"
2018-09-26 22:46:11,116.300723,27.945735,急减速,"加速度达到-3.89m/s^2,超过-3m/s^2"
2018-09-26 22:46:12,116.300723,27.945708000000003,急加速,"加速度达到3.61m/s^2,超过3m/s^2"
2018-09-26 22:46:18,116.300796,27.945498,急减速,"加速度达到-3.61m/s^2,超过-3m/s^2"
2018-09-26 22:46:18,116.300796,27.945498,急变道,"方向角变化数为：39,超过30"
2018-09-26 22:46:20,116.300841,27.945466,超长怠速,"超长怠速时长为948秒,超过120秒"
2018-09-26 22:58:40,116.300856,27.945353000000004,怠速预热,"怠速预热时长为208秒,超过120秒"
2018-09-26 23:01:56,116.30094,27.945251000000006,急变道,"方向角变化数为：35,超过30"
2018-09-26 23:02:08,116.30118,27.945205,急加速,"加速度达到3.06m/s^2,超过3m/s^2"
2018-09-26 23:02:09,116.301201,27.945206,急减速,"加速度达到-3.06m/s^2,超过-3m/s^2"
2018-09-26 23:02:40,116.301546,27.945303000000006,急减速,"加速度达到-3.06m/s^2,超过-3m/s^2"
2018-09-26 23:02:46,116.301685,27.94534,急加速,"加速度达到3.06m/s^2,超过3m/s^2"
2018-09-26 23:02:46,116.301685,27.94534,长时间低速行驶,"长时间低速行驶时长为64秒,超过60秒"
2018-09-26 23:04:17,116.307461,27.946626,急减速,"加速度达到-3.06m/s^2,超过-3m/s^2"
2018-09-26 23:04:41,116.307581,27.946706,急加速,"加速度达到3.06m/s^2,超过3m/s^2"
2018-09-26 23:05:29,116.3101,27.94798,急加速,"加速度达到3.06m/s^2,超过3m/s^2"
2018-09-26 23:06:16,116.312901,27.949548,急减速,"加速度达到-3.06m/s^2,超过-3m/s^2"
2018-09-26 23:06:27,116.31295,27.949616,急加速,"加速度达到3.06m/s^2,超过3m/s^2"
2018-09-26 23:09:01,116.321225,27.958718,急减速,"加速度达到-3.06m/s^2,超过-3m/s^2"
2018-09-26 23:09:09,116.32142,27.958948,急变道,"方向角变化数为：36,超过30"
2018-09-26 23:10:42,116.328393,27.964773,急减速,"加速度达到-4.17m/s^2,超过-3m/s^2"
2018-09-26 23:11:23,116.330761,27.965633,急减速,"加速度达到-3.33m/s^2,超过-3m/s^2"
2018-09-26 23:15:07,116.34232,27.972,急减速,"加速度达到-3.06m/s^2,超过-3m/s^2"
2018-09-26 23:15:33,116.342611,27.972176,急减速,"加速度达到-3.06m/s^2,超过-3m/s^2"
2018-09-26 23:17:06,116.346383,27.97471,急减速,"加速度达到-3.61m/s^2,超过-3m/s^2"
2018-09-26 23:17:17,116.346503,27.974765,急加速,"加速度达到3.61m/s^2,超过3m/s^2"
2018-09-26 23:17:58,116.34938,27.97523,急减速,"加速度达到-3.06m/s^2,超过-3m/s^2"
2018-09-26 23:18:12,116.349748,27.975213,急减速,"加速度达到-3.06m/s^2,超过-3m/s^2"
2018-09-26 23:18:16,116.349873,27.975213,急加速,"加速度达到3.06m/s^2,超过3m/s^2"
2018-09-26 23:18:41,116.350356,27.97398,急减速,"加速度达到-3.89m/s^2,超过-3m/s^2"
2018-09-26 23:18:54,116.350346,27.9739,急加速,"加速度达到3.33m/s^2,超过3m/s^2"
2018-09-26 23:20:01,116.35054,27.968611,急加速,"加速度达到3.33m/s^2,超过3m/s^2"
2018-09-26 23:20:10,116.350903,27.968590000000006,急减速,"加速度达到-3.61m/s^2,超过-3m/s^2"
2018-09-26 23:20:21,116.351031,27.968595,急加速,"加速度达到3.06m/s^2,超过3m/s^2"
2018-09-26 23:21:10,116.354955,27.968586,急减速,"加速度达到-3.33m/s^2,超过-3m/s^2"
2018-09-26 23:22:46,116.360536,27.968666,急减速,"加速度达到-3.33m/s^2,超过-3m/s^2"
2018-09-26 23:24:07,116.360745,27.96868,急加速,"加速度达到3.06m/s^2,超过3m/s^2"
2018-09-26 23:24:07,116.360745,27.96868,长时间低速行驶,"长时间低速行驶时长为65秒,超过60秒"
2018-09-26 23:25:32,116.366,27.968783,急减速,"加速度达到-3.33m/s^2,超过-3m/s^2"
2018-09-26 23:26:02,116.366435,27.968998,急加速,"加速度达到3.33m/s^2,超过3m/s^2"
2018-09-26 23:26:59,116.366388,27.971318,急加速,"加速度达到3.06m/s^2,超过3m/s^2"
2018-09-26 23:27:13,116.366423,27.971808000000006,急减速,"加速度达到-3.06m/s^2,超过-3m/s^2"
2018-09-26 23:28:34,116.366441,27.97367,急减速,"加速度达到-3.33m/s^2,超过-3m/s^2"
2018-09-26 23:28:45,116.366451,27.97378,急加速,"加速度达到3.06m/s^2,超过3m/s^2"
2018-09-26 23:29:13,116.366525,27.974785,急减速,"加速度达到-3.06m/s^2,超过-3m/s^2"
2018-09-26 23:29:15,116.36657,27.974818,急加速,"加速度达到3.06m/s^2,超过3m/s^2"
2018-09-26 23:30:18,116.370158,27.974706,急加速,"加速度达到3.61m/s^2,超过3m/s^2"
2018-09-26 23:31:57,116.375425,27.97033,急减速,"加速度达到-3.33m/s^2,超过-3m/s^2"
2018-09-26 23:32:08,116.37552,27.970176,急加速,"加速度达到3.33m/s^2,超过3m/s^2"
2018-09-26 23:32:18,116.375703,27.969863,急减速,"加速度达到-3.06m/s^2,超过-3m/s^2"
2018-09-26 23:33:31,116.376041,27.969315,急减速,"加速度达到-3.33m/s^2,超过-3m/s^2"
2018-09-26 23:34:27,116.376108,27.969191,急加速,"加速度达到3.06m/s^2,超过3m/s^2"
2018-09-26 23:36:16,116.379718,27.96319,急加速,"加速度达到3.61m/s^2,超过3m/s^2"
2018-09-26 23:36:32,116.380105,27.962488,急减速,"加速度达到-3.61m/s^2,超过-3m/s^2"
2018-09-26 23:41:34,116.395801,27.940601,急加速,"加速度达到3.61m/s^2,超过3m/s^2"
2018-09-26 23:48:53,116.417848,27.901508000000003,急减速,"加速度达到-3.06m/s^2,超过-3m/s^2"
2018-09-26 23:48:55,116.41786299999998,27.901465,急加速,"加速度达到3.06m/s^2,超过3m/s^2"
2018-09-26 23:49:00,116.417891,27.901335,急减速,"加速度达到-3.06m/s^2,超过-3m/s^2"
2018-09-26 23:59:50,116.449886,27.83598,急减速,"加速度达到-3.89m/s^2,超过-3m/s^2"
2018-09-26 23:59:57,116.44995,27.835825,急加速,"加速度达到3.33m/s^2,超过3m/s^2"
2018-09-27 00:01:30,116.454461,27.827046000000006,急减速,"加速度达到-3.61m/s^2,超过-3m/s^2"
2018-09-27 00:02:12,116.454535,27.826933,急加速,"加速度达到3.06m/s^2,超过3m/s^2"
2018-09-27 00:03:02,116.455501,27.824288,急减速,"加速度达到-3.33m/s^2,超过-3m/s^2"
2018-09-27 00:03:13,116.455521,27.82422,急加速,"加速度达到3.06m/s^2,超过3m/s^2"
2018-09-27 00:07:56,116.481536,27.794298,急减速,"加速度达到-3.33m/s^2,超过-3m/s^2"
2018-09-27 00:12:06,116.501641,27.76959,急减速,"加速度达到-4.17m/s^2,超过-3m/s^2"
2018-09-27 00:12:20,116.50167,27.769548,急加速,"加速度达到3.06m/s^2,超过3m/s^2"
2018-09-27 00:14:17,116.51072,27.758545,急减速,"加速度达到-3.89m/s^2,超过-3m/s^2"
2018-09-27 00:14:35,116.510848,27.7584,急加速,"加速度达到3.61m/s^2,超过3m/s^2"
2018-09-27 00:15:21,116.51223600000002,27.756316,急减速,"加速度达到-3.06m/s^2,超过-3m/s^2"
2018-09-27 00:15:24,116.512281,27.756241,急加速,"加速度达到3.06m/s^2,超过3m/s^2"
2018-09-27 00:15:29,116.512396,27.756105,急减速,"加速度达到-3.33m/s^2,超过-3m/s^2"
2018-09-27 00:15:29,116.512396,27.756105,超长怠速,"超长怠速时长为337秒,超过120秒"
2018-09-27 00:22:10,116.513633,27.752146000000003,急减速,"加速度达到-3.06m/s^2,超过-3m/s^2"
2018-09-27 00:22:22,116.51368,27.752083,急加速,"加速度达到3.06m/s^2,超过3m/s^2"
2018-09-27 00:24:44,116.51957,27.737805,急减速,"加速度达到-3.89m/s^2,超过-3m/s^2"
2018-09-27 00:24:56,116.519615,27.737721,急加速,"加速度达到3.33m/s^2,超过3m/s^2"
2018-09-27 00:37:18,116.568395,27.661633,急减速,"加速度达到-3.61m/s^2,超过-3m/s^2"
2018-09-27 00:37:18,116.568395,27.661633,超长怠速,"超长怠速时长为178秒,超过120秒"
2018-09-27 00:40:16,116.568465,27.661373,急加速,"加速度达到3.33m/s^2,超过3m/s^2"
2018-09-27 00:48:44,116.543491,27.634335,急减速,"加速度达到-4.44m/s^2,超过-3m/s^2"
2018-09-27 00:55:38,116.516195,27.627496,长时间低速行驶,"长时间低速行驶时长为66秒,超过60秒"
2018-09-27 00:55:58,116.515356,27.626821000000003,急变道,"方向角变化数为：31,超过30"
2018-09-27 00:57:42,116.5102,27.625246,急减速,"加速度达到-3.89m/s^2,超过-3m/s^2"
2018-09-27 00:57:49,116.510051,27.625206,急加速,"加速度达到3.06m/s^2,超过3m/s^2"
2018-09-27 00:58:20,116.508306,27.625005,急减速,"加速度达到-4.44m/s^2,超过-3m/s^2"
2018-09-27 00:58:21,116.508278,27.625013,急加速,"加速度达到3.06m/s^2,超过3m/s^2"
2018-09-27 00:58:22,116.508248,27.625013,急减速,"加速度达到-3.06m/s^2,超过-3m/s^2"
2018-09-27 00:59:07,116.507978,27.625095,急加速,"加速度达到3.33m/s^2,超过3m/s^2"
2018-09-27 00:59:44,116.507208,27.626446,急变道,"方向角变化数为：34,超过30"
2018-09-27 00:59:45,116.507185,27.626438,急减速,"加速度达到-3.06m/s^2,超过-3m/s^2"
2018-09-27 00:59:51,116.507196,27.626426,急变道,"方向角变化数为：126,超过30"
2018-09-27 00:59:58,116.507233,27.626411,急变道,"方向角变化数为：100,超过30"
2018-09-27 01:00:02,116.507271,27.626358000000003,急加速,"加速度达到3.06m/s^2,超过3m/s^2"
2018-09-27 01:00:17,116.507481,27.625711,急减速,"加速度达到-3.61m/s^2,超过-3m/s^2"
2018-09-27 01:00:17,116.507481,27.625711,超长怠速,"超长怠速时长为222秒,超过120秒"
2018-09-27 01:03:59,116.507598,27.625483000000006,急加速,"加速度达到3.33m/s^2,超过3m/s^2"
2018-09-27 01:04:08,116.50769,27.625261,急减速,"加速度达到-3.33m/s^2,超过-3m/s^2"
2018-09-27 01:04:12,116.507738,27.62521,急变道,"方向角变化数为：51,超过30"
2018-09-27 01:04:34,116.507655,27.62514,急变道,"方向角变化数为：75,超过30"
2018-09-27 01:04:38,116.507573,27.625191,急加速,"加速度达到3.06m/s^2,超过3m/s^2"
2018-09-27 01:04:48,116.507221,27.625353000000004,急减速,"加速度达到-3.33m/s^2,超过-3m/s^2"
2018-09-27 01:04:52,116.507101,27.6254,急加速,"加速度达到3.06m/s^2,超过3m/s^2"
2018-09-27 01:05:04,116.506818,27.625335,超长怠速,"超长怠速时长为179秒,超过120秒"
2018-09-27 01:05:10,116.506793,27.625338,急变道,"方向角变化数为：154,超过30"
2018-09-27 01:07:58,116.506773,27.625453000000004,急变道,"方向角变化数为：107,超过30"
2018-09-27 01:08:09,116.50707,27.625456,急加速,"加速度达到3.61m/s^2,超过3m/s^2"
2018-09-27 01:08:12,116.507165,27.625441,急减速,"加速度达到-3.61m/s^2,超过-3m/s^2"
2018-09-27 01:08:12,116.507165,27.625441,急变道,"方向角变化数为：39,超过30"
2018-09-27 01:08:36,116.507411,27.625295,急加速,"加速度达到3.61m/s^2,超过3m/s^2"
2018-09-27 01:08:36,116.507411,27.625295,急变道,"方向角变化数为：39,超过30"
2018-09-27 01:08:37,116.507426,27.625278,急减速,"加速度达到-3.61m/s^2,超过-3m/s^2"
2018-09-27 01:08:37,116.507426,27.625278,急变道,"方向角变化数为：98,超过30"
2018-09-27 01:08:37,116.507426,27.625278,超长怠速,"超长怠速时长为229秒,超过120秒"
2018-09-27 01:08:45,116.507475,27.625246,急变道,"方向角变化数为：78,超过30"
2018-09-27 01:08:54,116.507591,27.625226,急变道,"方向角变化数为：34,超过30"
2018-09-27 01:12:26,116.508183,27.625090000000004,急加速,"加速度达到3.33m/s^2,超过3m/s^2"
2018-09-27 01:12:36,116.508573,27.625001,急减速,"加速度达到-4.44m/s^2,超过-3m/s^2"
2018-09-27 01:12:40,116.508668,27.62501,急加速,"加速度达到3.06m/s^2,超过3m/s^2"
2018-09-27 01:12:41,116.508683,27.625011,急减速,"加速度达到-3.06m/s^2,超过-3m/s^2"
2018-09-27 01:12:43,116.508718,27.625013,急加速,"加速度达到3.06m/s^2,超过3m/s^2"
2018-09-27 01:13:00,116.509498,27.625108,急加速,"加速度达到3.06m/s^2,超过3m/s^2"
2018-09-27 01:13:01,116.509521,27.625111,急减速,"加速度达到-3.06m/s^2,超过-3m/s^2"
2018-09-27 01:13:04,116.509598,27.625121000000004,急加速,"加速度达到3.06m/s^2,超过3m/s^2"
2018-09-27 01:13:05,116.509618,27.62514,急减速,"加速度达到-3.06m/s^2,超过-3m/s^2"
2018-09-27 01:13:05,116.509618,27.62514,急变道,"方向角变化数为：48,超过30"
2018-09-27 01:13:06,116.509641,27.625151,急变道,"方向角变化数为：33,超过30"
2018-09-27 01:13:07,116.50968,27.625163,急加速,"加速度达到3.33m/s^2,超过3m/s^2"
2018-09-27 01:13:09,116.509725,27.625183000000003,急减速,"加速度达到-3.33m/s^2,超过-3m/s^2"
2018-09-27 01:13:10,116.509763,27.625190000000003,急加速,"加速度达到4.17m/s^2,超过3m/s^2"
2018-09-27 01:13:11,116.509803,27.625198,急减速,"加速度达到-4.17m/s^2,超过-3m/s^2"
2018-09-27 01:13:13,116.50987,27.625221000000003,急加速,"加速度达到3.33m/s^2,超过3m/s^2"
2018-09-27 01:13:17,116.50996299999998,27.625253000000004,急加速,"加速度达到3.61m/s^2,超过3m/s^2"
2018-09-27 01:14:17,116.514775,27.624966,长时间低速行驶,"长时间低速行驶时长为64秒,超过60秒"
2018-09-27 01:18:36,116.529663,27.632695,急减速,"加速度达到-3.06m/s^2,超过-3m/s^2"
2018-09-27 01:18:38,116.529695,27.632736,急加速,"加速度达到3.06m/s^2,超过3m/s^2"
2018-09-27 01:22:13,116.545988,27.637868,急减速,"加速度达到-4.17m/s^2,超过-3m/s^2"
2018-09-27 01:22:25,116.546001,27.637958,急加速,"加速度达到3.61m/s^2,超过3m/s^2"
2018-09-27 01:27:27,116.564091,27.652466,急加速,"加速度达到3.06m/s^2,超过3m/s^2"
2018-09-27 01:29:06,116.569318,27.657021000000004,急减速,"加速度达到-3.33m/s^2,超过-3m/s^2"
2018-09-27 01:29:19,116.569335,27.6571,急加速,"加速度达到3.33m/s^2,超过3m/s^2"
2018-09-27 01:30:19,116.56837,27.661705,急减速,"加速度达到-3.33m/s^2,超过-3m/s^2"
2018-09-27 01:30:41,116.568325,27.661823,急加速,"加速度达到3.06m/s^2,超过3m/s^2"
2018-09-27 01:33:42,116.560276,27.68287,急加速,"加速度达到3.33m/s^2,超过3m/s^2"
2018-09-27 01:43:21,116.514703,27.749726000000006,急加速,"加速度达到3.33m/s^2,超过3m/s^2"
2018-09-27 01:43:22,116.514643,27.749876,急减速,"加速度达到-3.89m/s^2,超过-3m/s^2"
2018-09-27 01:44:04,116.513306,27.754028,急减速,"加速度达到-3.06m/s^2,超过-3m/s^2"
2018-09-27 01:44:19,116.513318,27.754096,急加速,"加速度达到3.06m/s^2,超过3m/s^2"
2018-09-27 01:51:18,116.481591,27.794328000000004,急减速,"加速度达到-3.89m/s^2,超过-3m/s^2"
2018-09-27 01:51:28,116.481521,27.794385,急加速,"加速度达到3.33m/s^2,超过3m/s^2"
2018-09-27 01:57:26,116.452973,27.830170000000006,急减速,"加速度达到-3.61m/s^2,超过-3m/s^2"
2018-09-27 01:57:37,116.452918,27.830273,急加速,"加速度达到4.72m/s^2,超过3m/s^2"
2018-09-27 01:57:46,116.4527,27.830681,急减速,"加速度达到-4.17m/s^2,超过-3m/s^2"
2018-09-27 01:57:56,116.45266,27.830765000000003,急加速,"加速度达到3.89m/s^2,超过3m/s^2"
2018-09-27 02:08:00,116.419326,27.895148,急加速,"加速度达到3.61m/s^2,超过3m/s^2"
2018-09-27 02:09:07,116.417886,27.901508000000003,急加速,"加速度达到3.33m/s^2,超过3m/s^2"
2018-09-27 02:11:56,116.412333,27.916263,急减速,"加速度达到-3.06m/s^2,超过-3m/s^2"
2018-09-27 02:12:27,116.412195,27.916453000000004,急加速,"加速度达到3.06m/s^2,超过3m/s^2"
2018-09-27 02:17:02,116.395736,27.940690000000004,急减速,"加速度达到-3.06m/s^2,超过-3m/s^2"
2018-09-27 02:17:11,116.39564,27.940815,急加速,"加速度达到3.33m/s^2,超过3m/s^2"
2018-09-27 02:17:15,116.395573,27.940933,急减速,"加速度达到-3.33m/s^2,超过-3m/s^2"
2018-09-27 02:17:19,116.395516,27.941011,急加速,"加速度达到3.61m/s^2,超过3m/s^2"
2018-09-27 02:18:12,116.392615,27.944681,急减速,"加速度达到-3.06m/s^2,超过-3m/s^2"
2018-09-27 02:18:22,116.39255,27.944728,急加速,"加速度达到3.61m/s^2,超过3m/s^2"
2018-09-27 02:19:37,116.38778,27.95039,急减速,"加速度达到-3.89m/s^2,超过-3m/s^2"
2018-09-27 02:21:07,116.387713,27.950466,急加速,"加速度达到3.61m/s^2,超过3m/s^2"
2018-09-27 02:22:52,116.382043,27.959568,急减速,"加速度达到-3.89m/s^2,超过-3m/s^2"
2018-09-27 02:23:18,116.381968,27.95961,急加速,"加速度达到3.06m/s^2,超过3m/s^2"
2018-09-27 02:23:52,116.381015,27.961228,急减速,"加速度达到-3.61m/s^2,超过-3m/s^2"
2018-09-27 02:24:07,116.380985,27.961278000000004,急加速,"加速度达到3.33m/s^2,超过3m/s^2"
2018-09-27 02:24:53,116.379496,27.963838,急加速,"加速度达到3.06m/s^2,超过3m/s^2"
2018-09-27 02:25:28,116.379396,27.964026,急加速,"加速度达到3.06m/s^2,超过3m/s^2"
2018-09-27 02:26:23,116.376693,27.968396,急减速,"加速度达到-3.33m/s^2,超过-3m/s^2"
2018-09-27 02:26:42,116.376648,27.96846,急加速,"加速度达到3.06m/s^2,超过3m/s^2"
2018-09-27 02:28:48,116.366598,27.968803,急减速,"加速度达到-3.33m/s^2,超过-3m/s^2"
2018-09-27 02:29:31,116.366486,27.968791,急加速,"加速度达到3.33m/s^2,超过3m/s^2"
2018-09-27 02:30:46,116.36105,27.968755,急减速,"加速度达到-3.61m/s^2,超过-3m/s^2"
2018-09-27 02:31:16,116.360915,27.968751,急加速,"加速度达到3.33m/s^2,超过3m/s^2"
2018-09-27 02:32:23,116.356053,27.968688,急减速,"加速度达到-3.06m/s^2,超过-3m/s^2"
2018-09-27 02:34:25,116.350601,27.968681,急减速,"加速度达到-3.06m/s^2,超过-3m/s^2"
2018-09-27 02:34:33,116.35051,27.968843,急加速,"加速度达到3.06m/s^2,超过3m/s^2"
2018-09-27 02:35:50,116.350576,27.974046,急减速,"加速度达到-3.61m/s^2,超过-3m/s^2"
2018-09-27 02:36:15,116.350556,27.974131,急加速,"加速度达到3.06m/s^2,超过3m/s^2"
2018-09-27 02:36:33,116.350503,27.974913,急减速,"加速度达到-3.89m/s^2,超过-3m/s^2"
2018-09-27 02:37:20,116.350566,27.975031,急加速,"加速度达到3.33m/s^2,超过3m/s^2"
2018-09-27 02:37:54,116.350511,27.976795000000006,急减速,"加速度达到-3.06m/s^2,超过-3m/s^2"
2018-09-27 02:38:16,116.3505,27.976928000000004,急加速,"加速度达到3.33m/s^2,超过3m/s^2"
2018-09-27 02:38:19,116.350505,27.97702,急减速,"加速度达到-3.06m/s^2,超过-3m/s^2"
2018-09-27 02:38:24,116.350506,27.977135,急加速,"加速度达到3.06m/s^2,超过3m/s^2"
2018-09-27 02:40:03,116.350771,27.983113,急减速,"加速度达到-3.06m/s^2,超过-3m/s^2"
2018-09-27 02:41:10,116.350761,27.983393,急加速,"加速度达到3.06m/s^2,超过3m/s^2"
2018-09-27 02:42:31,116.351013,27.987661,急变道,"方向角变化数为：43,超过30"
2018-09-27 02:42:32,116.351045,27.987663,急加速,"加速度达到3.06m/s^2,超过3m/s^2"
2018-09-27 02:43:10,116.352896,27.987838,急减速,"加速度达到-3.61m/s^2,超过-3m/s^2"
2018-09-27 02:43:15,116.352893,27.987823,急变道,"方向角变化数为：175,超过30"
2018-09-27 02:43:53,116.352868,27.987851000000006,急变道,"方向角变化数为：179,超过30"
2018-09-27 02:43:54,116.352876,27.987828000000004,急加速,"加速度达到3.06m/s^2,超过3m/s^2"
2018-09-27 02:43:59,116.352981,27.9877,急减速,"加速度达到-3.06m/s^2,超过-3m/s^2"
2018-09-27 02:45:06,116.354048,27.98767,急变道,"方向角变化数为：46,超过30"
2018-09-27 02:45:14,116.35423,27.987706,超长怠速,"超长怠速时长为9260秒,超过120秒"
2018-09-27 05:19:13,116.354231,27.987795,急变道,"方向角变化数为：103,超过30"
2018-09-27 05:19:16,116.354218,27.987775,急变道,"方向角变化数为：134,超过30"
2018-09-27 05:19:31,116.354241,27.98777,急变道,"方向角变化数为：51,超过30"
2018-09-27 05:19:36,116.354123,27.987746,急减速,"加速度达到-3.33m/s^2,超过-3m/s^2"
2018-09-27 05:19:47,116.353721,27.987746,急减速,"加速度达到-3.06m/s^2,超过-3m/s^2"
2018-09-27 05:19:51,116.35362,27.987701,超长怠速,"超长怠速时长为7210秒,超过120秒"
2018-09-27 07:20:01,116.520345,27.736266,急加速,"加速度达到14.44m/s^2,超过3m/s^2"
2018-09-27 07:20:01,116.520345,27.736266,急变道,"方向角变化数为：116,超过30"
2018-09-27 07:27:40,116.560135,27.682665000000004,急减速,"加速度达到-5.56m/s^2,超过-3m/s^2"
2018-09-27 07:27:41,116.560065,27.682563,急加速,"加速度达到9.17m/s^2,超过3m/s^2"
2018-09-27 07:32:45,116.56842,27.65571,急减速,"加速度达到-3.61m/s^2,超过-3m/s^2"
2018-09-27 07:32:49,116.56836,27.655638,急加速,"加速度达到3.06m/s^2,超过3m/s^2"
2018-09-27 07:34:03,116.563513,27.652235,急减速,"加速度达到-3.33m/s^2,超过-3m/s^2"
2018-09-27 07:34:04,116.5635,27.652228000000004,急减速,"加速度达到-3.06m/s^2,超过-3m/s^2"
2018-09-27 07:34:14,116.563421,27.652183,急加速,"加速度达到3.06m/s^2,超过3m/s^2"
2018-09-27 07:43:19,116.528846,27.631148,急减速,"加速度达到-3.61m/s^2,超过-3m/s^2"
2018-09-27 07:43:28,116.528858,27.631058000000003,急加速,"加速度达到3.33m/s^2,超过3m/s^2"
2018-09-27 07:43:31,116.528878,27.630965000000003,急减速,"加速度达到-3.89m/s^2,超过-3m/s^2"
2018-09-27 07:46:49,116.516105,27.627455,长时间低速行驶,"长时间低速行驶时长为78秒,超过60秒"
2018-09-27 07:48:07,116.513808,27.624878,急减速,"加速度达到-3.33m/s^2,超过-3m/s^2"
2018-09-27 07:48:31,116.513716,27.624863,急加速,"加速度达到3.06m/s^2,超过3m/s^2"
2018-09-27 07:49:48,116.508308,27.625016,急减速,"加速度达到-3.06m/s^2,超过-3m/s^2"
2018-09-27 07:49:53,116.508151,27.62503,急加速,"加速度达到3.06m/s^2,超过3m/s^2"
2018-09-27 07:50:03,116.507743,27.625216,超长怠速,"超长怠速时长为141秒,超过120秒"
2018-09-27 07:52:19,116.507743,27.625205,急变道,"方向角变化数为：141,超过30"
2018-09-27 07:52:22,116.507805,27.625191,急变道,"方向角变化数为：39,超过30"
2018-09-27 07:52:23,116.50783,27.625188,急变道,"方向角变化数为：31,超过30"
2018-09-27 07:52:30,116.50805,27.625156,急减速,"加速度达到-3.06m/s^2,超过-3m/s^2"
2018-09-27 07:52:30,116.50805,27.625156,超长怠速,"超长怠速时长为301秒,超过120秒"
2018-09-27 07:57:26,116.508288,27.62518,急变道,"方向角变化数为：97,超过30"
2018-09-27 07:57:27,116.5083,27.625173,急变道,"方向角变化数为：102,超过30"
2018-09-27 07:57:31,116.508395,27.625138,急加速,"加速度达到3.61m/s^2,超过3m/s^2"
2018-09-27 07:57:33,116.508456,27.625115,急减速,"加速度达到-3.06m/s^2,超过-3m/s^2"
2018-09-27 07:57:48,116.508745,27.624963,急加速,"加速度达到3.61m/s^2,超过3m/s^2"
2018-09-27 07:59:06,116.51378,27.624881,急减速,"加速度达到-3.06m/s^2,超过-3m/s^2"
2018-09-27 07:59:06,116.51378,27.624881,超长怠速,"超长怠速时长为45620秒,超过120秒"
2018-09-27 08:00:24,116.513768,27.624921,急变道,"方向角变化数为：151,超过30"
2018-09-27 20:34:13,116.513811,27.625008,怠速预热,"怠速预热时长为313秒,超过120秒"
2018-09-27 20:39:20,116.513736,27.62482,急变道,"方向角变化数为：90,超过30"
2018-09-27 20:39:26,116.513576,27.624811,急加速,"加速度达到3.33m/s^2,超过3m/s^2"
2018-09-27 20:40:48,116.508265,27.625045,急变道,"方向角变化数为：36,超过30"
2018-09-27 20:41:50,116.50505,27.62588,急减速,"加速度达到-4.72m/s^2,超过-3m/s^2"
2018-09-27 20:42:08,116.504878,27.625783,急加速,"加速度达到3.06m/s^2,超过3m/s^2"
2018-09-27 20:47:59,116.490621,27.644351,急变道,"方向角变化数为：39,超过30"
2018-09-27 20:49:30,116.490815,27.644261,急变道,"方向角变化数为：92,超过30"
2018-09-27 20:49:33,116.490895,27.644238,长时间低速行驶,"长时间低速行驶时长为87秒,超过60秒"
2018-09-27 20:51:00,116.494138,27.641378000000003,急减速,"加速度达到-3.06m/s^2,超过-3m/s^2"
2018-09-27 20:51:15,116.494211,27.641275,长时间低速行驶,"长时间低速行驶时长为89秒,超过60秒"
2018-09-27 20:54:11,116.497778,27.630423,长时间低速行驶,"长时间低速行驶时长为90秒,超过60秒"
2018-09-27 20:56:24,116.504458,27.625703,长时间低速行驶,"长时间低速行驶时长为75秒,超过60秒"
2018-09-27 20:57:39,116.508181,27.625048,超长怠速,"超长怠速时长为380秒,超过120秒"
2018-09-27 21:03:59,116.508455,27.624928000000004,急加速,"加速度达到3.06m/s^2,超过3m/s^2"
2018-09-27 21:04:04,116.508608,27.624903000000003,急加速,"加速度达到3.33m/s^2,超过3m/s^2"
2018-09-27 21:04:04,116.508608,27.624903000000003,长时间低速行驶,"长时间低速行驶时长为61秒,超过60秒"
2018-09-27 21:05:33,116.514988,27.624990000000004,长时间低速行驶,"长时间低速行驶时长为62秒,超过60秒"
2018-09-27 21:10:04,116.529646,27.632615,急减速,"加速度达到-3.33m/s^2,超过-3m/s^2"
2018-09-27 21:10:09,116.529718,27.632716,急加速,"加速度达到3.06m/s^2,超过3m/s^2"
2018-09-27 21:15:48,116.55097,27.645573,急减速,"加速度达到-3.89m/s^2,超过-3m/s^2"
2018-09-27 21:16:00,116.551115,27.64571,急加速,"加速度达到3.06m/s^2,超过3m/s^2"
2018-09-27 21:16:02,116.55116,27.645748,急减速,"加速度达到-3.06m/s^2,超过-3m/s^2"
2018-09-27 21:20:08,116.56734099999998,27.654676,急加速,"加速度达到3.06m/s^2,超过3m/s^2"
2018-09-27 21:20:22,116.567983,27.655305,长时间低速行驶,"长时间低速行驶时长为62秒,超过60秒"
2018-09-27 21:22:24,116.568298,27.661915000000004,急加速,"加速度达到3.61m/s^2,超过3m/s^2"
2018-09-27 21:24:40,116.558325,27.67284,急减速,"加速度达到-4.72m/s^2,超过-3m/s^2"
2018-09-27 21:25:17,116.55829,27.67287,急加速,"加速度达到3.33m/s^2,超过3m/s^2"
2018-09-27 21:26:35,116.560196,27.68269,急减速,"加速度达到-4.17m/s^2,超过-3m/s^2"
2018-09-27 21:26:36,116.560293,27.682818,急加速,"加速度达到5.0m/s^2,超过3m/s^2"
2018-09-27 21:31:23,116.545371,27.714845,急减速,"加速度达到-3.06m/s^2,超过-3m/s^2"
2018-09-27 21:49:05,116.45512,27.825923,急减速,"加速度达到-3.89m/s^2,超过-3m/s^2"
2018-09-27 21:49:15,116.455086,27.825976,急加速,"加速度达到3.06m/s^2,超过3m/s^2"
2018-09-27 21:49:40,116.454396,27.827343,急减速,"加速度达到-3.61m/s^2,超过-3m/s^2"
2018-10-02 22:44:56,116.513791,27.624743,急变道,"方向角变化数为：86,超过30"
2018-10-02 22:45:03,116.51362,27.624751,长时间低速行驶,"长时间低速行驶时长为86842秒,超过60秒"
2018-10-03 22:52:25,116.513728,27.624831,急减速,"加速度达到-4.44m/s^2,超过-3m/s^2"
2018-10-03 22:52:25,116.513728,27.624831,急变道,"方向角变化数为：102,超过30"
2018-10-03 22:52:25,116.513728,27.624831,超长怠速,"超长怠速时长为344505秒,超过120秒"
2018-10-03 22:52:29,116.513716,27.624916,急变道,"方向角变化数为：173,超过30"
2018-10-04 20:30:16,116.51381299999998,27.624913,急变道,"方向角变化数为：173,超过30"
2018-10-05 20:23:54,116.513768,27.624935,急变道,"方向角变化数为：156,超过30"
2018-10-06 20:26:59,116.513725,27.624913,急变道,"方向角变化数为：145,超过30"
2018-10-07 22:30:32,116.513823,27.624876,急变道,"方向角变化数为：34,超过30"
